date,0,1,2,3,4,5,6,7,8,9,10,11,12,13,14,15,16,17,18,19,20,21,22,23,24,25,26,27,28,29,30,31,32,33,34,35,36,37,38,39,40,41,42,43,44,45,46,47,48,49
12/01/14,1.349408207197492,91.335038644076,1.5554331747071293,10.065647912955091,59.912327946002186,44.401716576368145,4.644329341922483,14.229175214936454,0.9173954724061377,4.273908960150654,172.81651205735923,18.12264583958609,3.4291420951279035,0.9356677280633483,3.0054355964891815,3.423874198296914,20.351373571157556,0.9297161949630596,4.883294821399444,14.627408882820626,3.586158201010296,4.024667780394774,33.139728523435274,13.083340341847741,282.20701907654166,5.110994664073059,111.73940149171469,0.8441157901948864,3.849427888496519,463.9929625960237,2.1632050658886843,2.7594685147010733,57.07211903674606,161.95844600838296,248.77442418061096,3.2476733370139965,52.58126966504269,1.9912285105198153,1.486385223400282,6.056301936040751,2.163539402457804,6.765007364234697,1.564116338054655,1.1591260384139779,1.0435168676058884,4.73667032660824,0.5634232166631236,4.044662700451866,2.044375229532535,3.6662841720129853
12/02/14,1.1232239445611036,83.40628031615269,1.4875787281523136,9.696926548491982,93.30438565017788,6.206618497555641,9.883535413610126,9.55316031850169,1.1478268630267259,6.230912696148404,159.75341152538735,15.56922062272222,3.091153047901808,1.1978562636598429,2.50150986728545,3.086763410494501,22.75979786022398,0.931029349429624,6.146033210361402,17.901597660911627,4.806092546561974,3.679028888150539,43.437654886487756,10.60431595585758,210.66145965544447,4.633921198713847,125.92832384203408,0.725591221784766,4.89183874040647,390.98257686334733,1.6217233465625933,3.514855683940562,49.5283299289965,89.22234192867596,232.49268963123544,1.101724842395914,47.20003919984092,1.0818365847075166,1.3286657012748395,10.14467930061515,1.6680703510304462,1.1126850759331441,6.578443313585566,1.0558056886159455,0.9663099067008949,3.785595498627582,0.5768231593626286,4.891012423429198,2.1224579349228536,4.778652654292738
12/03/14,1.145439614192946,74.15230213335971,3.0452847784053394,9.560714659864463,89.73392498327276,6.442810081149993,4.651979526195213,12.452149553038863,1.6141177866061007,7.7832199450799555,170.8993332047497,17.111608578398037,2.51796475002968,1.6050148517823617,2.85663286414132,2.6831702108047644,21.22901979493204,1.2119424693367211,4.972337372601668,14.031327635609896,3.0328560273713348,2.6837450509319067,40.78889116098968,10.99399332955465,207.42446184689516,4.721070109675314,153.28068469154837,0.7613531696798285,2.887757952354931,415.15257095208614,2.28917727341042,3.7121652033380017,51.386850945895326,101.33724929493533,222.565706370264,1.126605107541241,45.351068096276144,0.5524059242915458,1.0550157309690436,8.44470218990886,1.8321698941825928,1.0397154758465608,2.177586294854025,0.9290942342072749,0.777033952723287,3.8725579975147455,0.5522890922830698,5.250664134565241,1.49041633318991,4.694809912216989
12/04/14,0.9688241538585949,79.7080758505974,1.955007939455017,10.52664337655973,86.58574818522357,17.752432699844643,3.9621067432368533,10.057394735002555,0.7734414732906284,5.512505003183455,164.67010234781608,14.38393255520513,2.769332162926127,1.2265455278922994,2.8228962452172035,3.2842680209259676,22.86841054023097,0.5470152332439021,5.796593848498995,13.647628352057422,3.58668833298265,3.4375054037042556,40.479466548132585,13.271084740881202,189.8551568267492,3.4401181035404598,147.78905988297626,0.9754113374725819,2.948188714997201,389.75136269115353,1.9432140519925234,3.9700268728793247,48.25280490916443,89.01248970706081,232.89232259356822,0.5569795651337951,45.90618243266394,1.491795636942854,0.9702196515339535,11.79876359184046,2.296596314843259,5.056775190329225,4.824276399978608,1.5763693931391025,1.0496818337087535,3.3735803864717493,0.8122703402511491,5.047424281994493,2.0411426625633387,3.907977968344731
12/05/14,0.7239336514272535,108.77258831327904,3.3041201270817733,10.095983993073366,76.93679463849803,10.56638119963818,12.042361170131326,11.842351307808508,1.5658976678454473,7.566751915376657,148.93730825626946,16.87992163255805,2.9105722324664822,1.36770694807152,4.089087551675042,4.13626114790484,32.47372190660531,1.5199791466279615,5.606365681465048,16.392011207618847,3.721674532581931,3.550325756110875,53.88439401435031,16.53758068208759,184.74225882426612,3.3520307488756256,128.79683534660964,0.8175547482427679,4.027924762026166,354.4060197041862,2.129473265500903,2.6466989283091586,43.85629730752312,56.70244269563293,248.5836642514175,0.6833071993461511,46.6090395877267,1.7963822908926608,2.480332886314628,14.392098407027913,3.3032680062774977,1.5642556188828192,11.99098889766588,2.1080707705557535,1.0578651879607743,3.4284914536092823,0.5213755396019398,5.172525633894396,1.2746453739481964,4.702026892660942
12/06/14,1.4750580217863292,122.70907545382816,2.656985912417881,9.576138787954386,32.668302782308075,12.035632499874213,93.77816717339613,8.277728788345945,0.9198604664832878,10.238518024909379,153.6033491589952,15.274090481977039,3.608091559585707,1.4414279614939534,3.6351138105405867,3.75668257074731,43.447440043138286,1.5208686851762598,6.315300925485403,10.242949690821176,4.973372181870254,4.078152201361026,55.938103850315485,19.097865501064497,212.69235223995787,2.6825205837320865,96.33237466395364,1.6960651194222756,6.162543456965085,325.1894691595515,1.597576428620678,2.1565210454794044,47.94712553188026,33.3831199798033,264.318550172336,1.2240157182744773,48.3548332929097,1.68971008784973,1.1511592839356788,18.08849999800278,2.654892287454974,1.1091123620330166,7.193551640640981,0.802435790585452,0.680620494703887,3.785188277727727,0.7140611862744033,3.81830831312739,2.1669121080516707,6.257777322271165
12/07/14,1.542378900387687,96.47591435960712,1.8781173093137356,9.535436160944023,37.77641886877277,107.24816437767556,64.81928871943484,8.132105755631072,0.8547978552269767,3.984782915750669,153.69025126731805,17.94759635695235,2.6085683448306365,1.935384637777278,3.641246777871392,2.9657735773078824,27.101721063728075,1.035677471399485,5.210418734753604,10.875144415513683,4.993122148368706,4.039160847455337,36.047995962184366,11.768189719235071,236.95199635652284,2.398077776010884,87.5265555538421,1.630377444953266,4.996224758268994,387.98692815303986,2.1553360313621264,0.8780238907402956,55.970688626069936,69.4525630201933,221.95230596547145,3.07510637741976,52.37407741927466,1.5457444946138374,0.8694876715262915,4.797286316045379,1.5411918631645953,3.0849689735021544,1.058152174916764,0.8253507472229077,0.6631201219462969,4.938671427669003,0.30250254994714754,4.178364458005048,1.7830314768694369,3.2625391979682843
12/08/14,1.4953812299146978,82.09560008379748,1.6397305752828712,11.991200997990624,77.7902446304708,22.88281630561717,5.821447720837387,9.157429439020614,0.9481847518205534,3.519067939801754,163.7556799336186,14.838471305378533,3.1520078541750154,1.7570661639302698,2.6628404255535196,2.9342711516651248,17.803162921688635,1.5605093962688636,4.9509216498867055,14.292659804301547,5.2142954979849385,2.9266927074269744,28.834876368264567,8.754940628669603,214.9132270312261,5.39563023012825,116.46205111710388,1.2262790348488954,3.4028461488691484,402.89908301277177,1.905095529854567,1.9297877474195289,49.129311701208685,133.6542363692619,224.0046139137521,0.9525709245156596,50.07542972692175,2.9397400480391203,0.9551499326748565,5.384980713600873,1.4184242459008076,7.9975914617554835,3.007194307677787,1.3326255447319633,0.7613179766217408,4.883754425589708,0.4444022431621486,5.529436386472026,2.4431830270296064,3.758962301139528
12/09/14,0.9092186663841796,78.65839098597665,2.1262419069139655,11.6458681762454,56.956245069334855,8.381323316806913,2.6579302952855954,10.228917328393221,1.0631644494473302,6.761191764782209,157.38710309183705,13.60435084371271,2.535832153967201,1.3878834990071744,2.7044859729074617,2.7386000191680915,14.418998734919759,1.1729625584691048,5.447459449391276,14.563643033119982,5.70034574361918,3.0717288269188154,33.42637610162255,11.104836785698101,206.57900472780298,7.793931332529821,122.44403371262152,1.597630234497655,4.471600757705176,389.9616918646813,2.0502607814671343,2.191157864104524,50.58453283853859,188.43305331114618,236.67775935381866,0.7246031154952295,43.7505703633198,1.5699160015586977,1.140183100069189,11.387005502341323,1.620155173992692,1.6901314950136692,8.647208379436405,1.5868529044866426,0.5897143091757533,4.1335254533597805,0.7111764005641188,7.457875654540954,2.142862038528477,3.371411922409358
12/10/14,1.1111085823988194,83.76564644690103,2.0492523440370376,11.423405436461028,79.64400413935157,5.314964977325996,3.4869473151882024,11.224469556348689,1.3381698087612852,5.323160927491981,161.46129604238905,15.31971507663306,2.681568609300206,1.586706497605971,2.923539775796169,3.250048864868771,22.395522187024252,1.1343933345360613,5.216074763193074,15.73535303552116,4.3470202971693865,4.248348013061336,33.54875075958399,10.070961701702881,206.19010974096602,12.186242396754135,118.33576389006612,1.2379786600799865,2.356090506093504,406.78054494494074,2.9498276947470257,2.306192244687823,50.242792566773915,128.12803445160185,238.16663227810903,0.6374607405404858,48.411889061756646,1.6607090998016782,1.4111386471440581,7.741024825572862,2.456923829786809,0.693185222984665,1.8003987922752533,1.086027071622352,0.7110857595120149,4.86171972977207,0.5458418873726661,7.227603001779191,1.466712770247239,4.382218110483378
12/11/14,1.3337093207574298,91.5856857984776,2.2823599352318453,12.250402978103144,86.9590825265084,7.48788490027657,3.055886145367328,9.659669441936035,0.7116413885530467,5.483098012230068,151.17113863855968,18.18572146043281,3.8611844802421347,2.212126933448091,3.1937984562074146,3.283905316667049,28.321299891977798,0.9458902888924864,4.649419650348138,14.862985209556923,4.1450381047777105,3.895789359918762,35.31676877184399,12.029251121334562,195.93316012153034,11.853233553562509,119.66908166229636,1.1762482195800363,2.9000490431481,400.3430428226089,3.1434330886473356,4.740003199610395,49.6838910563842,97.61726560301268,223.3352447889591,0.8350777460682557,48.730930853171145,2.114620602336493,1.1583147431512946,10.365325143942629,1.7491962998969248,1.3508055071597647,5.854942581020184,1.266280420719904,0.966982722751702,4.494875140308884,1.0446958623880795,8.34286909234031,1.3906650659637285,4.757185174963046
12/12/14,1.1345365443090656,121.61784743163304,2.96645838446925,10.677587850349548,76.18329177375945,7.376762326121687,2.7632264876112833,9.737512227014431,2.1591403295074505,7.7824488035004045,144.10862798225475,18.04799159971326,4.006580836804519,1.024041769579804,2.696740837424877,4.192089195714969,42.44768963456289,2.019083786896596,5.767389078730346,15.40143216643941,3.43368828220214,4.739701096698879,49.87515207604625,16.84276631776382,182.59021554170386,5.316105117384934,108.29690117309116,0.8784233762804177,3.3862880069986363,365.7430524494333,2.827588539201009,5.905345920560199,48.13236095726819,56.85774292730518,236.19625668552578,0.6258081254487619,49.07258869497973,3.0192085391212657,2.052406503699496,15.953883623143206,2.1717621633114104,1.1287260738841618,13.801732655969552,1.2267408274005942,1.2236590279971298,4.145864937387692,0.4498899399220647,7.7917241727219775,1.4618341975500642,5.23059351957863
12/13/14,1.7541142468695279,128.30890997620025,3.43570079011926,8.86962377757025,36.78381592093981,9.467856427146783,12.559250242042994,9.575192595967023,0.9666447663654699,8.642971855663207,151.18964029005218,17.488710564166578,4.913848886956549,1.4730917177469296,3.28672930030146,4.354238802318892,84.78442848030672,1.277104493572111,5.7511672123427395,13.637488159377494,3.111112788521511,4.942718438551784,59.265595987420774,15.716385926332872,224.3806050194405,3.627388029262999,87.24069267926106,1.077595031850617,4.336642677488516,336.69157400022516,2.3030734577481438,3.6490701887399997,50.05486481190596,26.65711783684921,267.3957380107891,1.1235612553805447,47.89433226113836,1.4723024970883238,1.8860426077285564,20.0543129769095,2.5598700298539403,1.8640526725256041,11.384955544620361,1.4970807243687545,0.8371437864502641,3.933723703971156,0.7791564322600061,7.049634349839634,2.441555470128055,6.510228517113242
12/14/14,1.4379432861751282,103.44782270013955,1.5494944072457884,10.947632661250916,35.708055098960564,141.27363291147333,2.5259876888862784,8.095525863494073,0.9817357074656259,3.8085800461265693,153.32275601857148,15.397986864737742,3.115082682633339,1.5685348087451803,3.247159254557625,4.065701834773479,49.065748330829244,0.819641146967533,4.2990545068130075,8.104291262713545,6.6940871974450555,6.403457258598225,31.007468136364526,14.710559269000102,247.18904559494575,3.203640341320287,76.47448361013129,1.799745896736483,3.855307248874925,402.4492614995574,2.993247234543782,1.7410921417450849,57.18818785526607,54.82599596998833,238.7538698218606,2.886659269802727,53.15404924376657,5.674021312834496,1.2209249209737267,4.357064071250689,2.033043207552453,16.68038705146417,1.5616007769326947,0.9514299964025493,0.4696105431479529,4.243993051029754,0.8802083665896716,5.079951070256977,1.6753141182460296,3.6248984226218575
12/15/14,1.6576530900819146,80.9003040167425,2.049516187202077,10.602526386497022,78.22506571972441,20.52304340157977,1.401995122957377,7.775409047854096,1.1166838819578482,3.1343732471824866,160.55079600249812,14.11637734704375,3.129627040504494,1.3005988978513587,3.4155889959974317,3.830935483826573,52.482482496913605,0.7889908923495638,3.9533229723454113,13.926257206859963,4.592508009420714,6.298677428122182,30.405287580518017,11.234662018603455,224.3612203794929,5.561834015515569,109.22273803561204,1.7085243529600451,4.543679731241723,429.0605229817886,2.72941267251566,1.8825298711961005,48.33437077391237,92.87097001363261,233.30613357877118,0.7239545808154485,56.49016441008072,3.3444393349665456,1.3898965780168404,7.206351398716996,1.9929166319734715,2.0164751679131845,1.801618538239842,1.0447968066533255,0.7006345993937658,4.4291274724410545,0.6483966650817686,6.112482925026085,0.9329882493911485,4.116229369506296
12/16/14,2.0678276441049674,79.46555646354578,2.7360155193879554,9.631882320136635,84.07458506363626,6.842236693024716,2.129531963232239,7.081520566090934,0.7836294684509351,7.439824106870288,151.24928542756334,14.441776196680827,4.218257422381556,1.1458887164972533,3.3872883613368434,3.6108496366400096,67.81636003333071,1.2121274332265235,5.24733137360382,15.083118125031202,4.011709310398312,5.291574254400485,35.61628664930977,11.674777235861198,206.24641628620196,5.063525680302884,123.09874506198565,1.0445824766843081,4.169183012000257,421.19120711771205,2.006478030291017,3.952407943678458,47.60056305626311,77.96239490064467,237.1049597086692,0.9520662621299527,47.038101386901936,2.2421331937796873,1.5281519135477297,9.874964022442981,2.450568909942664,1.1835359003434116,8.34872336547671,1.4060790858858387,0.8970967339491184,4.386684860198165,0.9045884087115814,6.601606859551367,1.1707481783287472,3.861316900013199
12/17/14,1.6486895581008223,86.43877231983856,2.2275328886430925,12.497602722365796,96.81826773322521,7.0862119649509205,1.3870812271779338,10.623230947901298,0.8548557175393698,4.404900020973602,155.65701738225167,13.895307709858805,3.681492697984509,1.6461013153110935,2.992407918472754,2.7754172074207317,103.12272005395198,1.356414451550556,4.293434464449019,12.880648022840505,6.0053714699335945,6.277764489557262,33.48922864038259,11.462897930920176,210.22629538953734,5.908538724326521,129.96531881564044,1.111358692310387,4.1484081361346306,409.71673305494556,3.4091199010186712,4.747429845330891,52.02241379046236,66.22767826360842,235.227431923861,0.7928229473718098,52.60115752379054,1.5824278392677145,1.5013449233369243,4.7471254974545705,1.8741085664374446,1.067020142622962,2.4001877412090513,1.0718093967608375,0.8577899531127964,4.4057131939289755,0.44427572822791045,8.787005945923276,1.0499448719051587,3.8071023747382715
12/18/14,1.4953641842959375,87.81750159284401,2.349580114711927,9.708779594156777,90.81690064557894,8.408078472233639,2.1551314931655043,10.47205930676639,0.7807977159523439,5.723062247755825,163.99511446283805,12.581073254731534,2.9926191122096606,0.9914503433165831,3.1436813487354547,3.930017617610776,124.03655567264948,0.8599705707651101,5.471699725580771,13.371542017088181,3.8849730100778905,6.706881958001611,33.554518545918185,15.558152593728298,222.78996003711282,6.544985835268922,114.67492401951715,1.0763057163726968,3.506459179681129,394.8441833768267,2.3900173188703637,11.90234296114637,53.928157199484,46.47245182982651,230.54653054621895,0.738088212950751,48.863727777197035,1.0388652529808475,1.4460188347830818,8.751962908434125,1.7786104842415746,0.8844972027242227,4.640239716071689,0.7866607385647183,1.1059709784505354,4.336986427435717,0.8606065323470508,7.350708598759508,1.2113035083564623,3.418141563754023
12/19/14,2.0997289209069288,113.23924164353984,2.438282592771924,9.312546202673671,71.29703052253105,5.7845271911249485,2.224562777818174,10.171286071563365,1.3627844885061207,8.070172396486518,152.8623422707568,15.481155428481854,3.1534552195631473,1.2048023985710794,3.254981322611796,4.842270697349841,130.24861369390743,1.143531192726111,5.139955709229456,12.318569650009142,3.6413276525068277,9.35078676665855,42.772989137030635,16.80152930840728,204.38715411445162,3.3256279324547138,105.37290043711137,0.9625082389669153,2.911232635344072,369.9616755659225,3.0758251385108526,8.622190621489278,50.559075359618525,26.65135362058996,237.00709589874933,0.5731236704606835,47.043325150671336,1.5146172814933578,1.754581966580717,13.806733328440572,2.6373622128473233,1.0100242410827844,10.55015361296326,1.2792546704859986,0.6331435094631035,3.275877479289947,0.7753752927244328,6.7244636498372,1.3882940686450205,4.98313314149472
12/20/14,2.2172565713118506,126.09830658029685,2.6768783803105447,7.965415006816291,29.916393143499512,31.15036609416843,3.5217371586507524,13.267167677331742,1.1037933664042203,7.061057708197788,163.74750888837488,18.45052113637344,2.655726580488784,1.064908582354266,3.750914963606696,6.0484269360279255,148.9839130370859,1.194731213557289,6.126893999078859,9.122412658671477,4.711154184286047,12.644109487709976,59.4317468830274,18.248752600083026,250.65285001115313,2.533283145502159,103.46651022591357,0.8185059674806092,4.81182253820911,360.24908418977765,2.655344582125121,2.6542357488304136,51.215596383333306,7.238524748556222,238.6348860119773,0.7745142320960837,48.034025441274295,2.1486298726540567,1.2971117200076283,19.0348165046674,2.5136476212816588,1.3080657745827,6.201881573232081,1.152845946765126,0.6081578416137902,4.365640782400167,0.8866947083734982,7.026716537554221,1.8834223110734443,5.758682696586143
12/21/14,1.817674663072698,107.47088020837288,1.4856260357724496,7.125427328511583,24.904306937975466,117.42075712966403,1.786453657029324,9.143567063775789,0.8294513778776149,4.945576905091739,159.7597459982876,15.19978363448405,2.9057034163969058,0.9609796655097216,2.685432825596811,4.427699254639494,121.10326049390302,0.933850114610721,4.740289382906251,7.037392399804286,3.181567702573562,16.791139361875473,31.675474258235756,15.066776983199684,278.17327429397864,2.797673914830313,100.367195106806,1.1504471736346338,4.918829435098221,377.5976461705675,3.1315326896366336,1.0733148619001185,52.69406292198817,8.211676960849006,222.60795180524056,4.989309394203214,53.62229651884036,1.5483179460893932,1.3883702689671624,4.353815038689249,1.944373925013165,23.42696721967289,1.4548878608963327,1.0030415859037702,0.8919930566294341,3.841661978952215,0.5938809604023928,6.911603325295181,2.0300908689711954,3.6927086277660144
12/22/14,3.4380728312930025,105.50990087289824,2.002842311702439,7.841534064577512,44.02852339212991,27.369206521565484,2.4226683854954447,11.032038688600085,0.7098773411135739,3.973722950327841,167.41388147238484,15.9079507850993,2.825316843215429,0.6476876161106621,2.7329482935592493,5.657714516066901,154.6190670939115,0.97004639545489,4.561628821693264,9.354799509528284,6.44256904159636,20.004562216766534,32.64414960255831,15.003287663501231,274.42584824567035,4.923005735891973,113.03414516374761,1.1629008150186457,3.5538344297036293,397.90096308907516,3.4700698138622452,2.3094899240418196,56.26237917963119,10.904524856998101,234.2606718630574,2.4111820589876496,55.14574511614246,2.961306022946147,1.312241746846299,7.40456231576662,2.6471390598197453,6.076744674716321,3.4170299609497685,1.0707476520635304,0.4345458677922311,4.162121850603097,0.944241084694793,5.3364448181082835,1.4207653471112838,3.865249526015697
12/23/14,3.4189182485211624,114.33005521011756,1.9791762499256897,7.4291392271224685,38.52522857349924,10.1023961825875,0.9303684309118946,9.79559793995653,1.0425107920222223,6.282144760824687,169.07440386102462,14.625364868494666,3.4397486921063627,0.8418690485968763,3.3528485357875124,5.170046957079871,150.20337637821748,1.4459464260584387,5.988437499341436,9.69956416074913,5.946142256075599,65.16773317468122,33.868085506788105,14.40566432013968,286.07793332310507,9.062028765366396,107.4611691846685,0.9623031540879358,3.304862666741836,400.72923378369217,2.674058880663396,2.638669267166731,59.22027018700125,6.452796201566114,249.8367177719739,1.3622380976056916,56.856768170180025,1.24294082553234,1.1174517152413947,6.570486480751863,2.389834824143898,2.129796456307431,2.8913813584991965,1.0886271962295362,1.000842747688883,4.298041417439106,1.0538642474827813,3.8994827564055616,1.6831385439595952,3.937228283881075
12/24/14,3.7470129706292,114.4100400482235,1.1643545382110443,5.410016316873317,25.083603996399486,4.941382043948752,1.831877112201137,7.130834972773765,1.0355261918998748,2.6684980498527344,160.1095929490336,15.803366578956252,2.9789332484140347,0.5865408780056097,3.07798875396642,3.6212558849326637,74.70741124905811,0.9357968691119837,3.4038032789233665,7.4905471027105355,3.3250528639944004,376.1867245628963,25.663996916134657,11.060912428134115,282.9509453182303,5.494291174928078,96.4411583595645,1.055771100351403,2.2680716855750145,346.6723686545505,2.5875902899298553,0.9613753658844878,60.63966102480312,5.10862873178756,227.76412446216236,0.6803364079556061,48.941239606962064,1.2872744640271008,1.6464804486987403,3.1997682403693744,2.074157248624476,1.1319766318449502,0.796094087171041,0.3944646956244114,0.9396328826816476,4.636918948026899,0.7254654706812547,3.6457579440739094,1.000803714961111,2.7760184392295253
12/25/14,3.470481474068656,100.50578515056628,1.1713897369536275,5.918914780133875,21.973822639480932,3.305977485949939,1.5405981319415545,7.576367538479795,0.7486665409338853,2.5471273576892965,151.7423698063882,12.742152400055257,3.2835420033439178,0.7354307591073072,2.265840157959812,3.702824367695678,22.357981328961355,0.7285311247460284,2.9396410261755457,6.0615465823778125,4.2047138478559685,570.9219304858253,24.392269918380425,10.850439709552221,308.0514174337173,4.800433993062492,69.1658487042644,0.7261656908175352,4.2413609895770135,283.18458193734716,2.989450191185214,9.98687857017207,55.621964748484665,3.648017928391527,228.62389202050284,0.7799496350557324,39.63540855385584,1.7054703254709394,0.975787349446444,3.0511943171870595,1.3105767300777715,1.2725037245977007,0.8291090059403243,0.5968848130511996,0.5631267720587996,3.5793431487990817,0.8305318657275782,2.4442536564557797,0.8409797304216254,3.0092758871391183
12/26/14,9.475433307087911,139.07390565241707,3.205696506385579,7.21393793113104,28.67801769915667,7.6273298901900946,1.7833594557688082,6.814758263766211,1.164443777569861,5.104370131951544,164.37467927673381,15.841175660918717,3.361867599076452,0.9800594208495421,3.0712834055308527,6.529866794636784,100.38875729324423,1.559270924640944,7.908558170608838,11.230103770453344,5.124478531555452,46.859378359342955,35.20121737722041,15.27743570991428,349.66720745942195,5.545926305758928,94.80655950376924,1.4685380694702626,2.6606170636544175,358.72429526172556,3.693682475416494,3.6910984910208615,54.19697390170824,5.192381526476896,265.38862882851123,1.2061691082817083,49.901378565656415,1.5541704603958142,1.6312544905231956,8.172618485367273,2.919746784878163,1.5283930999743893,2.599492668264939,1.4498724509517598,0.699452392810817,4.486479774504153,1.2854843168212897,3.7753259074298384,1.9272223977559173,4.3348076883281275
12/27/14,9.26435001714857,157.9160550776823,4.092461226468629,6.576733734395208,25.295484251914655,16.165049923896,4.783087694543865,7.397510282159238,1.5518135558091093,7.03474329565018,173.69596904987796,17.4059319489714,3.9279985056687945,1.022309264391679,3.1588683123816708,7.887608524382051,56.03095355235726,1.3012043508911242,6.371850842920563,8.838054930077911,4.650838586460355,7.564775932961037,75.15050529986343,16.96921573318392,366.9446607546546,7.892742609602455,100.64366476965652,1.0299224482584297,5.071282327181922,346.14043529486196,3.5878315132148524,2.4066930292718594,57.18970699516733,4.467339228701668,276.37380466956404,1.435290680228536,51.028688873853426,0.9450356993311031,1.2149278400300676,15.082511171366338,3.716234681763319,2.075668022169769,3.899061538953845,1.6841832161648496,0.7969701595490225,4.756236546251562,1.5878332655789593,4.972985414318972,1.5684016248289425,5.410767607362486
12/28/14,10.783131637246052,124.42361113172613,1.9601084657685532,6.702528715354195,26.00417318094975,144.55557431942017,2.0950044325040955,8.247044379799346,1.0652281863252249,6.683150949285157,154.6880259712345,15.388292959970176,3.9135469563048546,1.2220090148537488,3.0688575284109305,5.870302419970866,24.355209210244883,0.917343830865619,5.190203089374105,10.195860305918716,5.8340265942076845,3.55658853045766,37.3057241451174,16.972049391490003,369.94841406394175,4.481698409429273,95.59317545981993,1.094975269467245,4.612360203319955,362.4172061323238,2.9805274740464216,1.582577484329215,51.22135975566374,4.16011265001953,249.81919130653313,2.6671695203233434,54.79814096851908,1.356015198639141,1.9016956008195633,6.061516735210971,3.2790099434647075,27.55616673033323,1.0855678447983783,1.5315757186973897,0.7023751969062744,4.610142211322287,1.7684506117515824,4.5014417670485045,1.0085501343600431,3.8897407694339607
12/29/14,18.602660960503556,124.44310589185518,2.9337264697912686,6.643949138230797,41.38935868192535,27.966162531334554,5.241634132252709,7.82225619508395,1.2216484999983532,8.65185363283121,165.1930558351263,15.609114071472762,3.4199684689948104,1.2651376340677045,3.0107124338475137,7.550758083216378,19.987557945739262,1.5174761600159776,5.69433716669212,11.645108895932886,5.015093331872921,1.391609770469213,60.32871058211527,18.425414906978673,368.0105493316216,6.737140968676789,100.88630117173867,0.5479543107487979,3.3289879164461906,361.9988189523783,2.171584162770726,2.479952941975316,50.074543748600775,5.5167034529722425,247.3648992185344,1.333564188531057,48.14745447237893,2.9846335611322408,1.5613279780036582,10.077264031000526,2.3425525251544697,3.367057664409478,5.982621770435038,1.7949550832222634,0.7915992963538591,3.925918438520809,1.2441756727903233,4.017636311733441,1.6226391690212618,4.07890760107092
12/30/14,53.25285675492508,127.31341521258184,2.5657061949387905,8.163349405695666,39.36574355858552,13.11942491599549,7.742252940335395,9.349223018579462,1.001171904762209,10.107962662233309,165.01737280093343,15.380197243178007,4.0665561169398075,1.2523359718850342,3.184838515381786,6.6429090765661805,15.549325768783117,1.2484484817990287,5.181691997330119,9.530516556165091,6.868565082097794,1.4592637955907186,58.54204679640117,14.024216813704868,367.6986584130369,11.693428184937845,104.41770048942246,0.6690705349289209,3.257006315923954,358.2941620984449,3.034959846365132,3.489676556422856,53.50465549178889,5.35301046391937,246.00158301254865,1.2156782894560734,50.33090102658633,1.8423236046090756,1.8051158782575978,10.99136070810631,2.3111654945825655,2.4003056741146853,6.308200851263305,1.8054210853768504,0.8866776052962853,5.3359437689615525,2.0258831147675744,4.683756955387294,1.57636868953741,4.5186009297234415
12/31/14,293.5611217139895,112.57426835888386,2.0263088068158837,6.050253187816063,28.993714211130353,10.213624556189403,14.950361022378544,12.00899017295926,0.73472612842298,4.890758960591863,160.7523341839659,14.806117974686442,4.515116967846731,1.769276619500063,2.360354843508768,6.502482043815443,9.155132261141024,1.4970849950733207,7.128662740083599,7.780343099828951,6.91748813633415,0.9571092295058617,39.479966254958605,13.663743143151168,298.57073267081637,11.485281151606632,87.6661415991223,0.8267995824936631,3.557570755535383,325.31878382540145,2.7026185377364946,1.4357680273105538,55.67096175467939,2.852730578903866,234.81478920027544,1.1609156341560227,47.19886800548193,1.8825751565048898,0.869073762927787,6.81874873027997,2.588332338764082,1.7908037901302574,3.3439174120471478,1.411424849287925,0.5641007051765219,5.819122361923716,1.3298109718122793,3.2184062249238132,2.325526441892066,3.9942786635505567
01/01/15,271.10882567843396,109.88296861737044,1.1342590121771163,5.684830632706833,26.661258903011163,8.63361387593195,205.30279367327626,10.332004022432432,0.6050611076884608,5.178125206002773,142.4074523291018,12.317978304931732,2.295203186565187,0.639971854341559,2.052840535761352,4.282704882405995,4.46409076789878,0.7965535218124838,3.821604110147374,5.865057507704821,5.292914041805753,0.9377954076448113,24.93591577737818,10.326502813711132,294.0066473463486,6.346040877578893,72.03825725741748,0.8591301332418458,3.1835215514848265,333.70486497262306,2.970196961252059,0.465841853107613,53.57958896013881,2.641469247644716,212.8783143875867,1.6089516124588292,41.92838817499302,0.7652331262364557,0.8316188462447393,4.363730774255658,2.1696717762034416,1.3661199121036425,0.8522594332869281,0.6823759497848891,0.5406996879399087,4.6575314268898325,0.6339577326787744,3.0141432235577925,1.8934932833348042,2.913709766206871
01/02/15,21.84473038982602,116.98791034257319,1.554445341363166,8.205591296720502,43.20443201372792,9.423116390258137,129.07867043467732,8.080230931361102,1.3966447711705139,7.688965259905285,155.77456602014905,15.404974043890672,3.3789078975259663,0.9574685825700312,3.225048453517651,6.0174984216527685,10.355031576446695,0.6464555437607594,8.070108357229266,10.961771590559872,5.53357832264203,0.8260429482018784,41.351845435248926,15.561622894546302,340.28030122527235,7.723610390255167,93.19408757914744,0.9143971306419615,3.9216270944543346,364.2404650001381,2.5108952026884666,2.725143712412101,52.02940536558857,4.0215285139254755,252.54697171553252,1.0703311132376905,48.68642816558375,1.3752934354221145,1.8545052053825524,9.790597394248815,2.1397823199282127,1.5426343353453593,5.431937935627547,1.5396346954504065,0.4229460144161719,5.091943607279258,0.8446380216809521,3.4298571716735733,1.809395959062344,4.016253662567214
01/03/15,5.76178728540782,132.76283424419628,3.7658423837090895,7.4929570594183055,41.44228881434841,81.58841798999461,8.619494369951429,10.363523175974464,1.2222737564649335,8.523975347143637,156.14102385134018,17.64923894232244,3.3118397262852133,1.2439984042769205,3.259400775282181,7.135930269355182,7.56763208528874,1.0941347596719424,6.914768190170044,9.719423260557749,5.660900085615289,0.8001957977957346,43.6191399493616,14.70151044414361,361.5586935907476,16.209843085107924,85.55627821727622,1.0565946150361398,9.339515464205956,367.2985536897753,2.703977190227311,2.1237887406141986,53.30778663187124,5.123446369589449,252.52516356499262,0.9915798811030005,56.241009712800576,1.1254612083869142,1.3706144989904416,11.816595415036238,3.079326963200142,3.3004601529105706,7.0137432825464465,1.2650046833603557,0.4530571832306644,3.9024780893787416,1.2227055744565802,3.927341454233879,1.7913829500108134,4.264519928077163
01/04/15,3.7554298883226727,93.54266842000789,1.856857241276674,6.724159855895177,77.89699773153123,16.680676366929845,2.6149203777810177,10.792076477342826,0.7360716741564721,5.134570227605643,156.24480837732546,14.798964080425272,2.860653142310694,0.6553718784617961,2.9728267768777976,3.76846850552463,7.096527532991587,0.8256303283243945,7.502148057589115,7.596093266414674,6.801653018762383,0.7266665312466949,31.635198067774063,13.46645421042189,327.8847772093025,16.17703959574464,89.49693930592078,0.6848514281825663,4.224427046051346,420.8036687684895,2.9323114365600076,1.5501048630205174,57.81055444732873,7.7671922667219535,233.41251384279226,1.2520810662191404,51.83642663850724,1.8298497540828567,2.2673141063548656,5.31721552999045,2.955164768798993,181.590887226557,2.1062905591060654,0.9221941251912307,0.4702582911592482,4.64681589686202,0.48803202982639193,4.1683451607352024,1.7078970641712854,3.8863137641833676
01/05/15,3.890315218060715,93.25359145075689,2.4886560514640133,8.973721392335946,166.97066381180773,7.137465991613588,3.3933295413025184,11.74074031147682,0.6756355793112087,4.024871224837905,161.78406837492471,14.939735299096991,4.2846458809680925,0.9001539930154796,3.3968171496760764,4.255866628626074,7.1912241825247,0.7771413856632267,9.409428586328316,12.944936175919798,5.329786196718029,0.6422701939363312,30.110109540788542,12.93182888807411,289.8081699302123,29.591361485981814,100.35842922055903,2.1619807089988616,2.891548759576465,426.36372015152307,1.95720716500567,8.197127600226613,55.56298560727363,8.620268918822914,204.82167800108303,1.294407422963542,52.490962598568125,2.456487666155112,2.0594160454645363,6.1399418855077785,2.5868182948227276,7.350838936492925,4.582354168823744,1.6729862291970354,0.44862605241545417,4.207586838302017,1.2742638222259435,3.8546091455269957,1.1034162580927227,4.027328136008921
01/06/15,3.398554223949682,85.35228760792357,3.194767201095834,8.476571757788374,161.0915962828397,5.725600747805696,2.5901259667209744,9.151312521144213,0.5512598741228433,6.682436622003587,155.24484972271375,15.186759426295477,2.8490362589909703,0.7047871841201597,3.2570388459851927,4.798377104100193,5.915924796232555,0.985131379512042,6.25736690398944,12.34817167410901,3.0530256675117973,0.6848722069152258,49.01637781588955,13.597558465608929,258.48613991656174,36.63750051294509,104.37617529973889,0.7250065555510358,4.398023604543102,384.2779314969091,2.260954799701051,3.0982340841984586,52.0333441041755,5.169170509687631,256.3699589979022,0.75474383751397,45.84560010884434,1.6930848239237817,2.0893807192307823,9.260207115516309,3.0110780613761103,3.97361637147178,8.67984458660225,1.4069990315076766,0.6009303016748493,4.150369391456009,1.9127469324073108,6.422945954838224,1.1354413931438065,4.073103152535186
01/07/15,3.0745434776302467,90.8065873038755,2.454880609833727,9.707473092351105,146.5548879941619,6.219274883620285,3.5745929342120046,12.006876609845948,0.851776176919127,4.997037949718313,169.0418252075327,16.60262455257183,3.142651833981944,1.221502652197047,3.726344231851136,4.301680579513743,4.8331766040613395,1.123697701140603,4.765699285380611,12.21154212859977,4.553027301101754,0.5108050722930295,31.996111576005205,12.419742107595937,261.7542923657611,58.09762266132002,115.51773995040173,2.3705585046408157,3.3383085397249115,411.14418894346363,2.9443209844859086,3.2853646264833913,56.10180496322715,5.579401288734086,245.51909390305198,1.0006259377832094,45.339617465164075,1.4476677903460444,1.5040771013908316,7.667774304556711,2.7277327514084635,2.329622387859727,3.876358028480796,1.358718183871741,0.8968957523387602,4.264031337527315,1.0318273632616184,10.227600836900619,1.1060496755519573,4.16286479951973
01/08/15,2.3342138083713775,107.59235041497159,2.5774826268290907,9.995930221999025,141.98672865367797,5.473267701137442,2.697865213992002,9.887523102715381,0.9421551056704858,6.260350681687167,161.17719661286387,14.53218408049198,2.9058777014960104,1.0291163955199059,3.649776940028389,3.9063793855643594,4.4589769347873185,1.0476607927084494,4.822888244104969,12.737167387747185,3.7805528450395283,0.4542908654960467,33.415468139310796,13.277774246163641,263.3246083054918,45.38412421845282,113.90185940122893,1.7832765335148653,3.6124347370580945,407.68847235327996,2.615748694634488,2.779053067653438,56.763077818380005,6.580469204476378,245.24620691662045,0.5212452537570168,50.75778207232622,1.1888534885840232,1.7653231441435617,10.716910954910453,2.297227897206857,2.755455839913155,6.503948001509419,1.3383706470035575,0.8610374932318204,4.599547996632798,1.0110976889487195,8.368403057956174,1.591970917157977,5.055159175329756
01/09/15,1.6898746230728015,121.59876290637312,2.7908826837055933,9.18264035775043,115.49717196995235,6.9732684822305195,3.6149602759807,12.4499841692651,1.0324843701553421,8.455439814736874,152.47944173295184,16.046475963962674,4.558527448453459,1.7079717587017589,4.188084781870338,5.058267518939956,5.267723431694937,1.2707742095589183,5.876734128365967,13.757130693376027,4.293949617060517,0.39214163052437656,45.03802654739458,15.59742534335349,233.04669518918524,18.380599731505882,117.2722106292589,1.3571624428196893,3.2252282668309675,363.8763459981838,3.480966480787697,4.237739331357658,52.51509105424871,5.006713602908667,256.8942551127115,1.0824379803342206,49.15730663212233,1.8508209314906672,1.1788279814667724,13.470878406428824,2.523938306729339,3.0067855355578574,13.768866882805641,2.2962496390374825,1.0962186531641998,4.075763727653013,1.6480586590104929,9.134006415538304,1.343862658691398,5.193407743437435
01/10/15,1.7582214707657,134.76412556147508,3.840173762547617,8.21079011338988,53.21478028181332,86.21920348122582,4.0706983375696515,10.584783140005706,1.091649906250602,10.438525131572446,155.99825904085662,15.368527611924973,3.6027158756353135,1.2599229159731364,3.819975685420433,4.500904979671411,4.635414903721954,1.0497602701563904,5.82869942478226,9.74735831997091,4.826084175156962,0.5389460708506288,58.33343757487228,13.77894875550463,262.0933888445096,4.701662455076675,86.43811865561358,1.7626124726142762,5.9108524934554145,337.24724513438383,2.903496441901921,2.61816313078906,51.45677187881588,2.1375648710968935,258.5739550942132,26.327424970466172,50.92631811684838,1.5787020667673013,1.998635476121467,19.385903778390652,2.9752795691629412,10.458946416470695,11.254274886202092,1.686725381581676,0.8761546650845783,4.028564933249002,1.5559319243311651,6.272331521008331,1.5475138026477315,4.777727639652315
01/11/15,1.136839633124528,91.1412996708282,2.6422125109709422,7.883060725582027,76.93714765095332,20.62241860593159,3.462824909443315,9.237411900066995,0.8052334568659231,6.297764598490092,165.4335367160606,14.061678100931994,4.055123620036589,0.5590478967804622,3.164938500714168,3.2547628105901465,4.070891876238135,1.2519522272244354,4.052082855598641,8.694999075833444,5.388309683240623,0.30772187300280335,33.113894590426945,10.831211476450335,271.82936262074315,6.657392296265683,84.4299359534871,1.719865853935985,4.252940947502151,382.1815910783366,2.6787972613915327,1.673444835320555,53.561532458131104,5.526041037829367,266.8169953375169,3.556887768368553,47.77230043594317,1.2624015143722016,1.9539731151189508,4.341617415327464,1.5161354506218678,249.33230501944232,2.1943562593580137,0.7452460829661167,0.5854495962750215,5.055450654322799,1.2758111869939457,5.99984194090275,0.921775083847186,3.1596958136855937
01/12/15,1.1919433797012937,72.37766868514463,1.856457468312415,10.639823352964045,180.03365880081796,8.351758250566101,173.1811657569313,10.019170409875935,0.5365463964342698,3.646376534010033,156.65184873051066,12.85576241469666,3.6627598384659086,0.755343003563981,3.1008967749542213,3.353360113569536,3.8820499865238554,1.3636684448376728,4.852309604833843,11.368998884910603,3.9360057563325483,0.1985534163189392,24.226699271735885,9.535358227010162,229.01149971430078,9.847320693178766,100.41350132386864,0.3217723386041872,6.440089841691505,373.99982968729654,2.3501002388795946,1.5822246588423325,52.046046980583846,7.027849574678604,219.93267171967327,1.7028074899944086,46.90053860539262,2.9592550684617662,2.39749284723242,4.979523801799761,1.653946807135982,8.443839312898762,1.8489761550448465,0.7712552903645566,1.0163890490483027,4.8879748845780675,0.9640487972693096,6.752858493563855,0.5914651865965059,3.663354103706687
01/13/15,1.1798352280599693,77.15067682737846,3.379714227469758,8.36838334205956,202.90679416056406,9.478684635959947,72.71729599519205,7.584910650698182,1.0504699997151394,7.045377354150494,158.70975329565584,15.4371362426054,4.334640838963115,0.8158942428422638,3.185000508662589,2.570930541836367,3.457190159419053,1.314387199217713,5.0393783976054,13.813473582120654,4.017243341502628,0.4391059860272964,48.782432185270316,13.830251580747658,203.98739640426527,8.293908250306043,106.91941177980831,0.35728949749655375,4.353671897909975,362.4373289821596,2.541674820910111,4.430916335510133,50.23168240989673,6.102898400250003,241.13666254252982,1.4808488842345298,43.448178774898636,1.627873421148194,2.48317411908464,11.53169943473906,1.7044245003588432,3.1326579996889525,8.750295043966576,1.649735722738044,1.444939482356499,4.040167507936254,1.1583457192792634,7.728805957786906,1.2972750030903621,4.806423543066497
01/14/15,1.0760637423714687,91.31252561108238,3.4542770094731328,11.857552003341567,209.98735214763084,6.404463551916941,3.421162285966253,11.397920922350876,0.7238338575872335,5.367124805715719,164.75435291666383,16.88844610788687,5.75192872219292,1.2914803464908653,3.6539276807860532,4.20599814473914,3.810536656253597,1.0384559518025314,5.062132736306675,15.975566680987743,2.5385641073489347,0.31512869106683206,36.12916646638841,11.423317919220397,220.30535448712942,9.767937642797298,115.06353947690238,0.9719856629074612,3.905353194232299,377.8502866732769,2.930766865248967,3.8217593372153087,53.90783810983145,9.072812686371647,246.01556717549335,1.118541708100008,49.195714822088924,1.5778683358466208,1.4690194474022367,8.404811331016305,2.633143018684886,2.5816344579533794,3.416541161826163,1.3189415285937198,1.3968048431080111,4.128463150287034,1.5888859368328874,8.24005987648879,1.8321165436720563,5.038795810742526
01/15/15,1.977701837430863,90.7966587958228,2.5222905406626315,10.578583983110997,199.48192305654524,6.953576657256797,5.568675283039521,10.018223367195482,0.8069544525270452,7.603433153613069,166.59056033898926,15.187929624712705,3.328676182327223,0.6374348732454985,3.539991077921221,4.1823210990265665,5.0160568565513834,1.2165394138223586,7.371231248587297,16.50213992944912,3.2468076047781436,0.5342523580488668,38.4551677852527,12.210524643753011,207.90986172408893,5.979521792817177,111.00058397302696,0.9140708164233424,3.3002135580157317,372.0270622413829,2.924615329616738,6.487113154914376,53.569028769295414,8.093226752530352,269.0622612978788,1.060445460664147,48.667405373691345,1.7183098349494768,1.800740231035157,10.465065778306442,2.0330805591382437,3.0462689832275087,6.831861951874862,1.4419287129108112,1.3994906814799128,4.600283914860302,0.7285030920757389,6.788133385842426,1.199116603693159,5.707235344409092
01/16/15,1.2981829211625975,115.16054717481772,3.1488049239963147,9.67349407524874,146.75966099372144,6.897334473768369,1.7923683178206202,9.285066723017362,2.4459275914122958,8.640194884225481,148.91691884437546,15.852284218996594,4.4302181270720515,1.03656752121916,4.332126453604034,3.811969759211545,5.1057384498610965,1.3251985336873238,6.204687748745077,14.364600401031316,3.255725644361698,0.42488159301692324,50.02510008544577,17.603212636467536,202.96992424687724,4.367616161843033,106.25911350228539,0.6891716474577979,4.287022846379403,335.94104309199446,3.5721655161430634,7.295332756518387,50.82763490568352,6.323903368374432,289.2331590384882,2.0340360769263306,47.75849189338617,1.646439525395099,2.8954829269715243,16.82878179623613,3.0926619415501633,4.690421046610566,14.002441583344094,2.5232350601281643,1.1220472477372996,3.253231492627575,1.6451333381930906,7.5527158185210395,1.5691256875037587,5.8636628224825715
01/17/15,1.166969849665841,138.16590837185146,3.8234586519414058,8.674671769656731,69.65775332018121,6.900476566110947,3.3818508562233753,11.73944788794103,0.8647883624035005,10.661708527435035,155.5013527173823,16.18764577947071,3.6919602900514388,1.2263391959919352,3.784525045469659,5.8431517066891105,5.9911811716915295,2.5251580709265053,7.877938572787626,11.771502516873811,4.862203210673369,0.3552899673736306,75.87680370353486,17.733968162938908,252.80322082932938,3.717136113075304,85.20887683245549,0.702048044712221,4.032703328215896,313.18378630913867,2.4298997926974106,4.793062341548473,50.053001195907775,3.8845796929224705,327.5244024794067,2.123758761841543,47.47716026645532,1.7325106316843026,2.30850205034465,23.083788121347677,3.5426975570249155,4.464276806909929,9.812902115421826,1.6992492260701795,0.9232880295859215,3.7575482498407187,1.180910267782435,7.9563812120744135,1.7524445481750524,6.5589785203551205
01/18/15,1.3767288902028694,110.52486419391968,1.2024350202898937,8.212157839478989,51.88783341010595,24.849299931570872,2.838498651425802,10.216831244772848,0.8664061955618003,4.99872665243481,150.82035224013669,13.682651593643813,2.7017071879708703,1.0085309433150051,3.736788983526846,4.2593177394807755,2.6250959337979785,1.2881122027037055,4.769450892048921,7.2870148857562995,3.9855175200478836,0.2947495644618359,38.43156411991945,11.115849028662533,253.3763820487475,2.777575155558794,87.04137106249414,0.43502041471316,5.605834896261912,336.79356561866683,1.9309478509497553,1.095792190332061,54.42574661588356,3.0141966966299605,271.15661034068813,84.09446690811815,46.33317375764881,1.2781128155669488,1.4091586766659743,5.78858918662087,1.8646287378814077,191.07995259361306,1.7499253298688902,0.7392797928004277,0.45798709243522395,3.9994998025238693,0.7224106867497357,5.280223320236368,2.0002180348159855,3.7020800362136095
01/19/15,1.3972105568194269,86.4246292167099,2.525880803402405,8.965558640597994,186.37262341575823,9.711265526207374,1.4815520602315546,10.4226205256298,1.5213386693465252,6.481321167242011,165.16207419306295,14.76739689618508,4.070470004798963,1.105567378779928,3.813781947896226,3.4599376410056824,3.780312859323335,1.6430979061103164,5.981524470640862,11.984220628111936,3.9443630469764757,0.6541780598533448,34.93623865205492,14.058567284584543,250.17221638669827,2.9611770630161605,100.62773123535433,1.160724658258935,6.3296233175353285,359.65762007022613,2.3482154524973287,4.108564928242983,49.925373333771994,6.2956749366492115,308.71662659126815,6.789108855991704,56.68488883571624,4.308044598413153,2.478050805468854,8.160211481898132,3.4425842696497027,7.335365919413434,3.9132820218540156,1.415828283227193,0.8178304048691885,5.7117632984825475,1.50661235625452,8.011775572129066,1.564255964982284,4.58626503362301
01/20/15,0.9037654207877689,74.48424327436084,2.3272552412154144,10.44266019917752,253.0114162069134,8.865915607431422,1.901698324491494,12.240726673903092,1.122827318125831,6.754492352001919,173.6588975265547,13.520960631731548,4.661748539168528,0.7422413762747392,4.222512673596057,3.1179538244789375,3.9024656254688206,1.6102842206709602,4.95605866268072,11.86746463296492,3.0343490803717215,0.4461923989047366,38.19844028601556,12.301900191364137,190.50015819822136,2.697478290765056,132.26069874095185,0.6102532366820275,2.7622843681787987,358.11849165864055,2.754796235227844,1.602473261475607,52.61051209241381,6.929346107876635,246.99580052356748,4.84250730663019,44.63075110630304,1.9275804602875155,2.4148278263490357,11.776296697602215,2.3444898170473523,2.9001251835335604,7.208407293824051,1.0499379499488992,1.0998111181242978,4.270585451732154,1.1925466772944537,29.530691041327163,1.4403054755727331,5.340516296581101
01/21/15,0.9940718594903434,75.35721471620313,2.175918906953279,10.657304071444386,252.65415160348417,8.997913212719446,1.8447829793195902,7.708206521996944,1.3311947368453532,5.740096455874922,169.8494262092509,14.393231483102511,3.6613151595083715,1.0200573407167257,3.4392231383087255,3.9401461935947326,3.8883207899703867,1.6705894866215467,7.183814589170042,14.130403130068972,2.7860894445745994,0.346813716495243,32.248765793339665,11.987656184701985,191.73395639344648,7.602764703194398,117.20832605987111,0.7240680146535903,3.3129772906584263,372.6432489921605,2.7446876135976153,6.195302165185949,50.95494759832732,8.334382158489737,245.52669040802635,7.764455954156071,45.473977152228386,1.2341499901322917,1.4141763235952483,8.668384685336841,2.5279951578734012,3.42211792132551,3.824036013290781,1.229016847568698,1.3127504290143048,5.010658890189072,1.3044670444228574,9.267009294214219,1.4210605381185697,4.2604846554626015
01/22/15,0.9297966293761262,84.46723404059296,2.7955744280654575,11.24212861788864,220.84903385602382,6.9699274382589715,1.4324885606826117,10.017684718536708,1.066730520953756,5.39683238512542,162.45221458174072,14.301899003162877,7.270641116389821,0.9343715277154095,4.009015649594977,4.667452593482842,3.2485894172821386,1.6999985653533796,5.894613527624095,12.539640734819134,2.8383038544005093,0.38308828289560887,36.6703940577012,13.549263686945912,202.9821402135424,6.796878124390734,120.28969131819598,1.1593050959345275,2.0883755382576012,363.6051502063766,2.4038324784070384,5.669354096807301,52.442233798810705,7.981571655484814,243.59546262211262,8.809537617265846,48.976431380668274,1.9007219525473513,1.9088406823005388,11.2204963287168,2.7093883654784534,2.6809365036959427,5.415895668026926,1.1966987372084668,0.9807270624255443,5.466069144009824,1.5029714571822168,7.111303535428158,1.1254403633951338,4.854917765717212
01/23/15,1.03908145091574,117.23889333346098,3.2114429149459776,10.981184385768794,160.49384727910743,5.553546215509694,1.2208926564897615,10.699161322451465,1.6394498917347402,7.265910086856292,150.97417117808644,14.418089715438517,3.9713528332474763,1.0714708369764148,3.8131881241438776,4.9418731854539795,3.3828469636745324,0.8316347609505553,6.952384003849467,14.79882559183626,2.7964167836580347,0.2426671103769613,45.02594134607064,16.01272411937911,193.54584350430665,8.351394786771968,105.12608421991291,1.0373947768558855,2.7912375719886984,336.5509402900097,2.436706703876949,6.201638296530025,49.90417734262497,5.5749423474952,266.1813263238437,4.6004144287554904,48.20621700789412,1.4517105238781902,1.5410100305302668,18.24151845118785,2.5668473941882475,1.7003536769084049,13.387375964732446,2.058122674548245,1.3163804499026324,4.520786307150145,1.0322399062184684,7.057885785075033,2.6152253126723464,6.1113372271295
01/24/15,1.074265277362668,132.33811244552314,3.6325953081880265,11.064909681155749,80.56530784623934,5.082256470509921,3.047613685043265,8.956091573296568,1.2590022116100497,9.30134758295254,150.66641592677541,17.93129147719475,4.796371315159122,0.9245986424567187,3.6201488429521396,6.084130609160742,4.2925071522022415,1.1282441583182452,6.7495087692411575,10.799737932662449,3.4848100464150717,0.20894020307502137,61.33062992939161,17.395779108308346,239.38550005318675,7.652312532261284,89.50439154240979,0.9525080290834596,4.557849403846683,322.60932178601024,2.5114551456194834,11.247227761738278,49.06450576093922,3.534620207965023,323.5824807120628,3.9509445170273794,50.18109859762097,1.8132695616365258,1.4705844562816397,23.188955483295416,3.3038784563428636,2.026957369421167,11.916896116444578,1.2965036513729664,1.4917036262245975,3.5482362724594663,1.6583909535005132,6.997042633300305,1.9557131952840012,5.1605729195959
01/25/15,1.1823131616092715,106.89912075246015,2.5788025215114274,9.162111331295224,122.10689079719978,15.31154760105259,1.9546049546469213,10.480550340806488,1.1905409162051388,4.952710336372436,163.3756136875048,14.899261429395262,4.588357539067288,0.9510933899856154,3.380241070626434,4.798189923105951,3.6964929197981444,1.2028001807660624,6.42027741275025,9.477056818184257,5.234763065937176,0.32230081831104074,50.5158220396081,14.895663401397233,265.0455777826007,12.069266757093512,84.03439669536736,0.7535934756918229,3.779592517871057,354.54872321959357,3.2163297421091697,7.833619505932527,53.13180215912001,4.759776523995499,337.0635337030309,6.467752292604329,52.471563723758514,10.832432176572574,1.499167345657396,6.004760951951284,3.6852666177373568,3.2514138754574393,2.8803266992953405,1.1957838832973882,1.2857865338450896,5.060306017213221,1.391625260934513,5.350283071297266,2.344357879964935,4.6461045659557145
01/26/15,1.062332807286345,80.64351446861824,2.8144434960135762,11.311849009952859,213.485387735859,4.515607833302676,0.9728740372718976,8.71010918472192,1.1472216233888655,4.902793430539887,163.8109630422376,15.794213448735027,3.9364323167675854,1.0118992176460164,3.2931153069846926,3.501524184138094,3.1267809577308463,1.077808484491627,6.048896105464143,15.090726331607549,3.5170373064454474,0.3045978109079638,30.31308791723137,12.149440194079371,230.19644314877803,35.05444799866797,113.2437811516184,1.193544701663098,2.6698687952347915,371.34731531408255,2.0791794507951873,2.000610633869856,49.627814725377355,6.582326622462713,247.72552441596494,4.187156411893139,51.946090481230854,4.664852050339818,1.1200533226699014,7.414279877637208,2.42113536477837,1.3969053599995847,3.1628939445188204,1.1870590531718046,1.9824907941967318,6.3510247637486446,1.4437322665167085,5.910212522566163,1.7497069805569334,4.7305604858982315
01/27/15,1.1131226805228698,78.35776561135167,3.13122133048486,10.586308062303036,230.41205628793597,5.122879033062571,1.5381915509228248,13.027123423567222,3.0946817096953385,7.601904321589768,156.09499805307453,15.181178997189695,5.34216367828651,1.1422560945351952,4.376902115781959,5.4488034867642225,3.4977029670948143,2.0664781295070784,7.635906350532852,19.979204698928406,3.669451539798466,0.4310263391501756,37.06621793686847,13.864496298110108,223.16280147625463,29.184618143045434,124.62511350384736,1.6647580635809018,2.6494503070166204,341.17598470173573,4.348200427753984,4.83468382881426,51.17615988101942,4.007147608834004,220.44329158097563,6.0605068972592395,46.241971062853125,1.6470679353749833,1.8222547801539322,9.412333142553369,3.3710793080138948,1.8465563168828971,9.72105263314847,2.182036774487196,2.7690020289315154,5.5202579476146045,2.3846869269386377,7.4846053070199146,1.5361339074250226,5.18017870100291
01/28/15,1.0930970341304314,83.98329144741341,3.7922192503703265,10.440807933848356,218.90191258760802,3.8824623877593125,1.3338981572723405,11.042217136431898,2.445069575499915,5.893557788371777,155.1259467525009,15.995353267061564,5.8547196861270585,1.3230149742593875,4.4710556345516395,5.58025812761822,2.8630108741674403,1.835243236977867,11.759030914100467,19.667877540548112,3.56441443871205,0.31030126581902123,37.468793155588095,13.517891573295387,197.1080870694042,8.54240269666143,125.764141966196,2.004815467979826,2.853772402840217,354.63082398917606,5.598481195052245,10.19196131402917,49.126594780991255,5.165772364867428,224.63331158740772,6.6861251751554605,48.417857861639824,1.919690280592423,1.729470464661238,10.632103386713656,3.616017356136425,1.7676280769892845,6.223356953525765,2.587653565473101,2.5631808673121053,4.578757961835364,3.149364042174965,6.703809865707164,1.2805482426346426,5.481753029040096
01/29/15,1.3144627887333222,92.49856897097887,2.907698135210904,11.07924643066994,220.81680599217185,3.4823062777694296,1.5357556040335498,12.53346735567348,1.0534520538101382,5.765254472601295,153.0423913514387,15.496102752281654,5.134954373919634,0.5710555749568085,3.448174918569652,3.9193650399213844,3.3814154604523354,0.6032042629146352,6.494194738441308,17.432089458319194,3.1480928682540568,0.5278378851120568,44.525160553615116,11.328363061356821,201.27668318629875,9.20350739992595,121.18993432843367,1.0340308910153422,2.7412722079223304,338.37962522502363,2.1682253776363183,4.155643969407538,49.68050184054993,5.977109780577515,254.65391686580688,6.4011983775311325,43.21644908413553,2.596911223740029,1.3766248952252704,10.358661592057016,2.3608131162483206,1.0585444553162995,8.44128630136742,1.3401430044773712,2.1239577000076935,4.680021466089939,1.1381099879741405,8.401580555728781,1.4970843037367771,5.1581911351128
01/30/15,1.1362901407004182,120.43800207508384,3.009308238942346,11.402851776235316,158.805856977214,6.240579009881855,1.791366515170562,10.445614217594198,1.4567413672459852,8.083211260410968,146.00222415775582,17.189622341533042,3.6417615303662134,1.1261426259086993,3.9591463812739667,4.584908404803251,3.535868248262993,2.1582003677178716,6.754133411163637,16.252704437731836,4.440169535111302,0.44678448045030833,43.3531081474821,17.05061540804544,194.5663545129679,8.716188689817894,106.11262169494243,1.2371871600941766,3.9489140537676977,308.4295136737979,2.4426005763297827,5.633270744705478,53.8277125134085,4.113628456762295,275.87700221706217,8.972114102931927,42.202249000622444,1.5582973771533004,2.1267725035982656,16.221570081278486,3.295317785629223,1.728793794294084,13.509182300171494,2.1021689168768254,1.6152082033216488,3.6164680715404827,1.4322640493291603,7.663390987326011,1.5619603808001064,5.818915059241259
01/31/15,1.4330616928767201,140.93139597616565,4.802486904685653,8.68860037334486,77.45807447004476,11.529034044308125,2.04568643167923,10.381792944291428,0.9984628166030602,11.003143379819543,146.24743731005353,17.10375573831055,4.661594583173644,1.0210636340445884,3.77031049446807,6.282060795797871,3.6283150492883953,0.7553941801624124,6.906242226351927,12.789700496522391,3.9048303039361256,0.47725425634323027,76.28094903967539,16.893940230736217,239.20072429941575,11.081587422411562,86.51783349754811,0.8309467510527953,2.4204575267907136,305.2548744937675,2.5351103169385047,3.2939576111122197,54.67177435235335,2.2493031742229457,307.8993800298109,14.567518624110077,47.443591187227796,2.0582677714399895,0.9821326997952424,22.406266665070547,3.2692151241253598,4.484681423992315,11.169104492850096,1.6738819861442154,1.9159461564054312,5.464109457354448,1.432560168175835,6.694299156761743,1.389531601351862,5.648313374376086
02/01/15,0.9801137686092362,80.12138812123392,0.8587635609080757,8.170152117172588,53.39736835236164,11.952390483562914,1.6771480967880972,9.847082251087535,0.5606604426174429,3.570107974458307,138.38312748685368,10.163344395388362,2.6968017389426886,0.49577939386531455,2.3206770327884043,2.6827711602963173,2.918785714264798,1.2524267661790134,3.9405139944137213,6.174144743493356,3.8552568224336703,0.6144068447577852,27.277963339362195,8.65037804970799,211.43508891228416,20.310830132296832,78.03453317766323,0.3625384632239681,3.271931823734598,287.459198708382,1.290934782859043,0.7630465898415083,49.49542799877597,2.2265976286401674,233.77826544146959,619.8435433089425,37.728140222765894,1.4727143168867225,1.1299449206786656,4.307800106892158,2.044469328213981,3.786193146702406,0.8242991083193397,0.546638343901355,1.1573418575919072,4.865457251014636,1.3663753240968313,3.27144164903712,1.5450666026487427,2.9119958661191987
02/02/15,1.0716209963528835,72.35185098130711,2.5489563258768713,9.712545321854893,209.59271670163048,8.534323987845141,1.0795992041779299,8.971241488689369,0.9401695882565458,3.886316305450892,158.01410209381422,14.205426054682228,3.342449456962353,0.4884717101369353,3.590159075482221,3.4605595328267227,2.475640760807016,2.039144614147436,5.472997304612747,12.364515403779972,2.3501386013923455,0.3100070249246547,34.5594595487037,10.265647701477898,232.50591462657277,36.030291317725954,109.32225835678628,0.7803778529248563,5.4477210764068476,366.7185909692256,1.8214004773180315,1.6621899274872722,61.67019183111389,5.81699143551499,239.01881345064663,44.47618376528924,46.75103356923553,4.002724740447612,1.2816758570185427,6.119376967634606,2.3370466950855944,2.097080428039368,3.5642444040420234,0.8824335838278519,1.1741442512686981,3.784290426140213,1.534430930814879,4.368269959618324,2.1384026309279798,3.4847438284588343
02/03/15,0.8764877094148631,80.63970243248164,1.8346294624170636,10.855522629747734,233.27123623663863,6.704837353363572,1.839430392298763,9.312951940723753,0.8980101142418783,6.697501113118576,151.56250643638825,13.629376094581513,3.7046224510063355,0.8816442802268285,3.4921822504067785,3.7139883752767955,3.2257147722555515,0.662725421584805,6.307940962374171,18.699709125912737,2.940964457784757,0.39494436524908244,48.39662647160918,12.296271091896754,208.97869551441394,11.124129593138198,123.9841550285756,1.531144384026056,3.144039316088967,354.4972703334233,1.5150592154876976,1.722632789275339,52.81420410957114,5.290756854315722,245.11713393287974,5.980962357475911,42.070786854614454,1.243176574397661,1.4164599791527315,10.229973937957611,1.8844870481004068,1.5407679423214409,8.868935239476427,1.6248609131697662,1.2763093281852047,3.9914553973637092,1.544175052786115,8.669317671176804,2.0271313344225907,4.558502989315424
02/04/15,1.0834003807932808,80.18882590308975,3.0682503117599844,11.432477940776598,256.0529151595718,6.403737187000846,3.369494937523997,7.4574241019551435,1.1968415061980044,6.025472506336784,152.7080164882477,13.909354175952739,4.116839673587412,0.6564875907117509,3.6090458744166476,4.337426763471341,3.2080799219700564,0.7740903961972176,4.975119726011445,15.220636512668312,3.1432596841491467,0.41277522960472923,56.329121088070494,13.278032605803459,194.42313439068116,16.32840060585467,122.71012134160932,1.485143733710276,3.1319017604636037,337.3626207413126,2.100766582394558,3.0919343889526245,52.648743092660055,4.14940516840775,248.93243368430984,4.884123580785042,46.00044941087553,1.4421503875615025,1.6668152206822147,9.038291286079016,3.1250943323456073,1.6191979105236107,2.9389360385373102,1.4967314588652276,1.6336982688234043,3.5086379436053408,1.2415301587741936,6.449111630246877,2.064782621992576,5.320004602223502
02/05/15,1.101781425772832,85.10459133382214,2.672324949178745,10.795889448971455,230.14381504648978,5.175537786868874,1.8722979918979326,7.827997992213464,1.0449500827276454,5.6509008421266795,152.19449970432115,15.100143080951662,4.95396536767153,0.7082822058876301,3.3975074723426455,4.234839153810431,3.2183147453255896,1.2662044119753941,4.818037180477971,17.371317043818117,2.267391204195254,0.2237504828576098,43.207245921973694,10.902435228102144,201.02247653027945,9.165039351131698,120.33028839334334,0.908389412337034,3.678897057965629,338.6881408772116,3.2801815160227528,5.319859144863756,49.43163599245654,5.08116972641571,256.6378186247092,2.307112659434723,42.72542890294319,1.2860043551563192,1.3810965401013837,11.648070911978714,2.872488733606173,0.8262733764487457,7.060455961509324,1.3752405184111836,1.803083170397883,3.1855237847358886,1.9334472602763697,8.3686959300558,1.2537749670756337,4.815385553230257
02/06/15,0.9046076841916068,85.1585141274564,2.3339797956918447,11.379157857361252,188.34014155790888,4.080603555474725,1.3249875788581813,7.436408774672249,2.01026137336033,4.155034292026954,122.23598189828226,13.298330101180177,5.42792358516871,1.0284653601831761,3.3201098201089674,3.7322419967329523,3.8052261869721824,1.1816984120328353,5.503930960394389,16.805490514801985,2.5436161737605234,0.23454442098787387,30.43108755665083,10.054787575702864,142.09476775070246,6.2586375573722295,112.32778785739347,1.2604560691740563,2.3634375279674433,262.9286525692685,1.984469630399219,2.463129771136115,35.88062034276047,5.749577435551396,204.6928272770619,2.1119457232430716,32.370936120418705,1.7419742521860133,1.2041879210513318,7.031397177237703,2.4859512075778762,1.4641170612941083,1.431957841586285,1.7903053025285849,1.5149458325758924,2.324385278960589,1.8999828068757603,8.54878318776431,1.5006188531214106,4.305232825102649
