date,0,1,2,3,4,5,6,7,8,9,10,11,12,13,14,15,16,17,18,19,20,21,22,23,24,25,26,27,28,29,30,31,32,33,34,35,36,37,38,39,40,41,42,43,44,45,46,47,48,49,50,51,52,53,54,55,56,57,58,59,60,61,62,63,64,65,66,67,68,69,70,71,72,73,74,75,76,77,78,79,80,81,82,83,84,85,86,87,88,89,90,91,92,93,94,95,96,97,98,99
20141201,37.71140263,1.483269525,0.0927222,1.058980213,6.55602483,0.68231946,0.345216861,0.257401462,39.67357355,0.83481262,8.461654288,0.831380561,12.89676056,0.700386546,0.879263798,21.56022282,0.336525406,0.516416945,0.092351542,15.7176942,1.663383703,5.184275406,0.810429229,0.391368543,4.773689355,6.776844304,105.2619009,37.67047194,0.435904176,2.216376907,0.641000649,0.996593163,4.318018133,0.398767005,0.091463903,0.886929932,4.105761269,6.314500258,8.225088035,1.789198461,1.333963695,12.19565337,0.252130592,0.700801776,0.493137806,1.771059803,16.37763762,5.233131394,344.6432725,0.956086089,20.72429941,3.853313855,0.430091521,26.43826046,23.94697803,25.18690214,5.458115482,0.658931024,0.594749808,3.100470033,15.31256589,14.72072484,36.01016692,0,2.886352248,1.344808787,2.891878077,131.6452586,0.679427758,1.675207853,1.141828371,0.573848031,0.274214449,0.455901413,0.092692162,88.43306472,0.435948576,10.21229679,3.081698399,0.379005426,0.940727029,1.022303902,1.65732899,53.45717554,15.18600622,144.4943804,11.78363647,1.930857328,3.053563483,0.22798341,3.729538151,1.350976403,3.413502312,2.170948485,0.383320519,0.183940096,4.819809291,2.120660983,0.341413656,107.5399247
20141202,29.89546965,2.18599715,0,0.462065849,4.550177955,0.815311355,0.474199479,0.379812129,41.93408467,1.515397884,12.48468087,1.596553846,17.84111511,0.932174813,1.251756403,18.37480235,0.501095577,0.209321411,0.176974361,20.04260796,2.264606669,4.445616242,1.638947779,0.03732541,3.354642086,8.582484485,99.64776878,36.03040339,1.147898189,2.49278269,1.074793335,0.835234495,5.307802427,0.845975625,0,0.724196326,2.116398669,7.246158166,7.847833765,1.063418592,1.735568961,16.16813866,0.72141704,0.865060096,0.321944911,0.575625565,2.496419258,6.287243369,294.4451259,0.729531019,1.990986919,3.35768928,0.544146491,24.66573597,23.49324819,17.99699289,9.357076412,0.458926497,0.438707621,2.812724323,17.26962965,20.67186463,39.65692963,0.340500753,3.106943117,2.79173156,2.767928096,101.5346903,0.146476476,0.604967007,0.883771636,0.155376146,0.331998781,0.432940779,0.277790205,75.82177682,0.21813082,13.7061287,3.964930862,0.422913812,0.74547749,0.823214691,1.424672654,50.13506145,18.27341242,169.7684766,19.9356773,1.483196507,3.590979098,0.10742286,12.19034992,0.939269108,4.892273269,4.453702239,0.422091774,0.248788189,0.931962663,1.589620204,0.091600003,103.2883377
20141203,31.77152251,4.046980204,0.646209247,0.818046733,5.205643613,0.399087054,0.190517982,0,45.09277933,1.220534603,9.18630467,0.920242389,13.23408274,0.315507529,1.028286747,16.67785325,1.3550198,0.431622376,0.426618762,18.66157866,1.881635608,3.916980423,1.034006619,0.166403009,3.432049955,11.27488327,100.0496565,29.32077004,0.715062844,2.15291012,0.091662701,0.864503184,2.895645053,0.203661203,0.18507485,0.440096245,1.642565511,8.569413152,5.856653115,4.371942554,1.422369831,13.14030457,0.39484821,0.727813695,0.14971695,0.791061509,3.918052202,3.616321615,309.2972241,1.043076071,1.70996391,1.82121279,0.713106089,20.08378303,25.23407491,24.40245299,7.258225933,0.380510015,0.531121848,4.169903661,17.96272815,20.04027945,41.34616464,0.485694846,2.942918155,2.323203586,2.76477661,95.4402264,0.318348129,2.696734047,0.974023314,0.450763032,0.275133609,0.635259729,0.025404775,75.40597249,1.513039173,18.63066698,3.408403299,0.101291781,0.582236358,0.915005175,1.447202675,57.73439651,15.74093634,190.6745057,18.09917727,1.215431621,2.747152368,0.433123835,3.262619552,1.283622077,4.799773841,2.096986265,0.534630778,0.110808566,0.742681502,2.02628158,0.485868847,93.10063213
20141204,29.83010018,2.644394127,0.0927222,0.590127475,3.519476843,0.459135742,0.848152596,0.141655752,44.53942491,1.39994355,9.946018762,1.240218153,14.76499293,0.408063756,1.155942006,24.37539036,0.223877185,0.737701657,0.646646602,17.78098659,2.888398844,8.118707785,0.434239662,0,3.263091401,6.371147946,96.6926891,36.16856074,0.789098403,2.130377011,0.301858903,1.24271207,2.314763357,0.364379313,0.557862929,1.408398152,1.099055012,6.767738375,6.782943859,2.088011937,2.620260594,13.84983187,0.457882114,1.200600297,0.760984961,0.993580649,11.70558915,4.082482898,265.143549,1.006981851,1.237832757,4.345209395,0.137754966,23.92214191,22.61653077,23.62209316,6.803929114,1.223596685,0.460514108,3.896231313,17.38066334,17.7356211,37.85377498,0.414164455,2.140558123,1.269577316,2.586670127,93.07595067,0.679951692,2.680371332,1.278363646,0.960597505,0.561584377,0.30641955,0.092692162,68.95331207,0.532639079,16.62529857,4.449747394,0,0.867609793,1.375986567,1.617681339,53.04203517,16.7039781,195.1702407,19.6463461,1.66919926,5.593770323,0.500601647,10.39883791,0.67777736,6.322752282,1.645383328,0.229463821,0.1803743,0.686827911,2.604463992,0.177173705,116.1711758
20141205,28.49985833,2.705545753,0.315000445,1.107372767,6.107566302,0.425812545,0.887374535,0.548289827,41.17687475,1.59857787,10.4113032,1.169271488,22.40542261,0.854590316,2.233000943,43.27613242,1.806223587,0.973785757,0.260760288,14.07675682,3.624487156,6.035739157,1.241957891,0.49630017,3.190774444,5.854539329,89.98935173,33.01819595,1.435781305,3.027330232,1.227606598,1.483654887,4.087339966,0.177275037,0.561679626,3.330740557,1.433835485,10.2936054,10.2682743,2.773188249,2.661174858,14.17797916,0.561325064,1.526813231,0.380711158,0.714487664,7.320372652,5.420893577,239.6600832,1.519823729,0.551095483,4.080338921,0.338486764,27.2861532,22.75509126,25.95954098,7.059680626,0.192312223,1.026066296,3.702304326,15.34799002,23.61048227,35.32165497,0.44052548,2.055841822,3.449922795,3.291461765,82.23422643,0.716426828,3.009124448,1.297797642,0.61259228,0.691745242,0.181330364,0.143650211,74.81323308,0.732458449,16.2072538,4.029533787,0.486543439,0.734125876,0.589239863,1.448096809,35.43277166,17.16619223,170.7952521,13.73037032,1.191574781,3.854422814,0.88249383,20.42904667,0.750228534,4.656577685,2.485168394,0.315710929,0.159331296,0.694722987,1.994181644,0.777255927,166.6171068
20141206,38.11951782,1.468833767,0.175149341,0.557160828,5.747531467,0.221049086,0.780215185,0.260157433,45.39331655,2.179578384,11.07009088,0.976546418,18.43837325,0.491314667,1.782470714,35.44128967,0.690614998,0.538761051,0.0780878,16.60238306,2.106134425,4.227436241,1.230541214,0.461090637,2.041616909,7.190616921,93.3778238,24.58045818,1.107747,2.817039544,0.28286058,0.945451738,6.606649927,0.592453508,0.282322295,13.89068521,1.860038565,12.40935832,11.1271018,0.802897059,3.822949717,9.881744627,0.467326619,1.184608336,0.548436483,0.256201068,4.481886815,5.749006104,246.2604485,1.166515288,1.131329912,4.287793665,0.728738638,21.53535138,21.34650077,30.89650053,7.207091233,0.781787885,1.292609091,2.836212991,15.85761633,23.06169419,24.71895335,0.875743397,2.947024923,3.349910362,3.402453841,98.31123544,0.379719399,1.319246645,1.809075038,0.800366561,0.707693611,0.169592414,0.813978819,76.99050274,0.578702239,14.90188605,6.189033754,0.210156167,0.818180433,0.538071816,2.180748888,12.83411566,15.17493088,139.6091603,2.805959842,1.558401084,3.090744953,0.325471678,14.61319558,0.91078671,3.398344952,44.83421895,0.170417084,0.256675873,1.379250446,4.253907802,0.810358388,207.2203487
20141207,46.32061439,2.34611644,0.0927222,0.715649313,6.141360299,0.574031112,0.083904071,0.09628059,39.21463267,0.546190721,5.981770302,0.984320777,19.08954465,0.744538489,0.47934959,18.76637554,0.093070077,1.072083675,0.315525343,14.66698916,1.857015682,4.720280069,0.645313247,0.137485837,2.010677795,3.281528019,99.7343081,23.49950525,0.400986023,4.3919522,1.185349766,1.116150518,6.67886422,0.219062037,0.091463903,6.824174392,1.264921546,8.512166263,7.456109195,0.766697782,1.306915922,7.7081207,0.111391834,1.498782122,0.119331297,1.491155868,46.06629566,5.212572779,309.6036487,1.139015901,0.839257917,3.512982226,0.56647551,19.41116918,21.79503075,27.16720788,10.77051655,0.220499713,0.709556522,3.42836428,14.1422886,23.51709559,26.6653262,0.161507546,4.36855403,0.791961911,3.952242475,108.7871025,0.337746379,1.631616727,0.807734103,0.365019919,0.682340005,0.093178352,0.185602247,79.07029815,0.418145746,19.32203859,3.726278982,0.202701018,0.739326792,1.277491908,1.692112981,25.09896926,11.79745384,127.0981212,4.014062087,1.346981436,3.294744612,0.772463918,2.781017359,1.013628776,4.350382669,55.97189763,0.197435681,0.091970048,2.717813128,1.917679406,0.319132499,129.1657169
20141208,33.5858858,14.00446301,0,1.919567279,4.237207704,0.306264622,0.687415924,0.131912101,46.06430695,0.632182185,10.1667491,0.887074141,16.31641306,0.848133918,0.934888778,14.75797093,0.507193733,0.667384029,0,19.29964511,2.779554709,5.250391014,1.016641201,0.423290543,3.712778135,5.202426317,107.2047108,31.21363842,0.755457458,1.950057746,0.689048749,0.580512401,4.491936824,0.316621801,0.134921442,1.782324971,1.688433092,7.348241319,3.866193303,1.615969726,1.531401464,12.52052376,0.362618162,0.929185772,0.368736036,1.506662579,11.89412319,6.351465381,300.1705669,1.102950345,0.540172399,3.821199657,0.474077159,18.88437926,18.88981163,21.94104947,6.941376483,0.126045206,0.174043328,3.620826069,16.19930376,20.12590622,38.42579624,0.858521642,2.925775899,1.778843187,4.477081647,103.5581194,0.400136175,1.813144612,1.357904432,0.967359808,0.3783012,0.244826769,0.494930808,76.05111582,1.033914033,21.40030057,2.431978747,0.09149794,0.574937629,0.549438116,1.646298349,65.25655007,13.75869805,163.4513582,12.12768552,2.10772346,3.986415293,0.706836308,7.892560214,0.666661029,6.547784484,2.106879083,0.260632122,0.478079128,4.423501566,2.069852719,0.244143268,90.58191744
20141209,30.86327773,54.85396763,0.078401209,0.312843389,4.7255868,0.282726803,1.249443931,0.188495466,39.36532859,1.032021551,9.401005803,2.182694712,14.0460474,0.480644391,0.661212996,17.14430378,0.898598211,0.362419657,0.448252196,17.61797647,5.691372169,4.128734304,1.182733326,0.317769602,4.867109606,5.332410416,94.45676803,34.18014273,0.835130517,1.322989152,1.253550477,0.713668596,5.876363815,0.703335873,0.419120388,0.868319247,1.437048518,8.448749966,6.968216581,1.623280122,1.49954015,12.86810086,0.647002396,0.951709179,0,0.265887269,5.287582237,5.215395928,298.736006,1.128627421,0.469687146,2.4338447,0.159627409,21.85523323,23.59753624,21.94934843,7.354396777,0.347759714,0.658576266,2.985201229,15.09137372,24.06267897,36.84345403,0.256756632,1.897338124,2.421391757,2.857247211,102.9243094,0.439372341,3.441894949,1.030956596,0.476146741,0.75082446,0.481509184,0.64079488,74.91107557,0.795500494,21.32336556,3.313330757,0.277660869,0.704666269,1.410744445,1.239743656,32.31449119,13.744404,169.3811107,7.273737848,1.139353722,4.407896382,0.653654179,14.92635378,0.835928348,4.966459781,1.179801667,0.28084988,0.183940096,0.738656063,1.730139972,0.818364582,102.4764066
20141210,33.98720512,19.10915705,0.404600529,0.817937271,3.709033941,1.121258042,0.857136807,0.194781742,39.28401194,0.634443682,9.821290203,1.741836584,20.38192215,0.688518078,0.698350795,18.45987423,0.574067224,0.788279711,0.184703084,15.68961105,3.596142096,6.288833482,0.625350877,0.303754341,8.018282669,7.136374973,99.46889215,29.39553468,0.234241044,1.773169445,0.767168023,1.089182617,2.270407837,0.912824561,0.291657799,0.813606524,1.99832418,6.714201709,5.708932764,0.80453707,0.892940958,13.58473686,0.455049686,0.368500261,0.547207354,0.179022199,2.711024296,5.729039198,285.6289605,0.866343892,1.228758642,3.555805421,0.313340094,23.07082305,22.47089027,26.96237715,6.809207117,0.087735492,0.415103111,4.701171912,15.96851099,21.96761002,40.35918176,0.247362146,1.709360087,1.310302626,3.285160989,100.2527762,0.348881231,1.813143495,2.128587053,1.034709391,0.546820218,0.16974404,0,76.78909035,0.787678711,25.69170959,4.418774005,0.261109132,0.812757919,1.273098064,2.207903844,54.04503121,15.28363086,167.4676227,11.07677711,0.915012098,3.574178947,0.443520815,4.128000172,0.662151347,4.67146529,0.660074928,0.253098453,0.333126854,0.891742034,1.377464471,0.209152635,105.722185
20141211,37.82038264,8.283972666,0.160634344,0.983411701,3.764896285,0.265261381,0.930546566,0.342133273,40.61630347,0.761109617,12.05182753,1.79602998,18.17848088,0.317524543,1.105348606,21.80824793,0.742441394,0.635663723,0,17.50263762,5.791072363,3.916931124,0.52211576,0,6.977694851,7.074221914,97.87182627,36.40260162,0.757789307,4.684517538,0.986553505,1.226323422,2.660542922,0,0.5573407,0.903161231,2.527848607,9.568464078,8.515254012,0.905710925,2.518324427,11.71957672,0.358393732,0.545246538,0.256724353,1.071709649,3.943548191,3.627783792,264.9112106,1.199704261,0.514293691,4.596307823,0.449633075,22.01105359,18.96482505,20.61713474,9.386774788,0.439760665,0.837635542,2.172370537,17.50392953,22.32928671,38.07102176,0.148269388,3.840051499,1.429674372,2.288638013,89.39994226,0.234382463,2.242915938,0.659335472,0.407497053,1.080424401,0.557239746,0.185384324,73.48301488,0.83568238,27.75005482,3.749020763,0.956288886,1.028575888,1.176450581,1.942293982,57.65972002,13.11097492,164.7749827,15.50560161,1.288396576,3.879977432,0.715413523,10.52299874,0.6831683,5.346201431,1.384289622,0.183370833,0.238975317,0.870491631,1.396983519,0.652763307,118.2911582
20141212,36.56104987,3.281939791,0.546569501,1.451636326,5.953479326,0.559996952,0.844189766,1.09307541,35.18939125,2.11417943,10.95248162,1.05051563,17.03682951,0.677986422,1.488422761,39.49743673,0.990026757,1.106424844,0.324153589,17.72900645,4.075379922,5.466173727,1.334837337,0.347727128,3.314019769,8.932566765,93.17064351,31.85489543,0.803349797,3.069395087,1.045350951,0.480397674,2.744123492,0.126755715,0.890046775,1.03898117,2.514838295,11.67527299,11.15670694,1.778122167,3.514659391,12.87201929,0.228747188,1.090561195,0.178640628,0.457585862,4.294536769,4.115272122,241.3510292,1.138027031,0.775788406,3.401796803,1.130446929,25.68723845,21.44932713,21.36044311,7.331923989,0.498850876,0.393434915,2.751791934,14.65929795,21.58447823,32.7635339,0.462074205,3.449343459,2.346716491,3.261602567,83.78775951,0.436709739,1.893007117,2.071884718,0.826095595,0.858704956,0.55561111,0.322742772,78.36527846,1.358653889,23.87581294,4.312682734,1.171165564,0.529011626,1.371713112,1.622080548,35.24029084,16.53893015,153.3916582,10.61794929,0.777410349,6.899978567,0.459727204,22.81115828,0.467725099,4.888243181,1.018924199,0.549216391,0.150732984,0.58772027,1.91444373,0.630051865,176.2455919
20141213,41.34186656,1.154580711,0.543988642,0.943979418,7.193396613,0.120931271,1.099598921,0.223172868,40.66602537,1.09470816,11.9638672,0.782582038,20.05808143,0.443081016,1.269396031,33.46211325,1.953077675,0.685606548,0.092351542,25.3822358,2.561220916,4.735513917,1.31591105,0.241041764,3.636807719,9.181129113,94.91939109,24.98112325,1.176415067,3.191139085,0.215399612,0.974956622,3.101536964,0.272471478,0.576307408,4.630822012,1.910611796,28.7211734,10.12308795,0.658938902,4.79704847,7.461178724,0.18410731,1.357440989,0.485017521,0.348755056,3.871949479,3.097290122,240.8899982,1.854848097,0.980657661,5.044892638,1.261999575,23.62100101,19.81432908,31.58529752,8.864364052,0.546853679,0.912311266,2.001886226,13.97465809,27.10019426,21.85772693,0.435313992,2.346358703,2.180772709,2.059936181,98.56049407,1.58537319,2.397164877,0.998085062,0.835236498,0.341189322,0.609278287,0.268641023,79.06558609,1.551441626,24.42622424,5.914404611,0.820980093,1.046920047,1.64779085,2.776811629,16.94959247,13.89588854,128.657627,5.308316,1.630369499,3.56381315,0.616626474,23.72456172,0.852519421,2.745206013,1.803274909,0.164106205,0.14387936,0.933957497,2.210264241,0.364008547,236.3237244
20141214,42.25352634,3.503355812,0,4.015626916,4.557060839,0.57694784,0.125385476,0.235442675,35.45634869,0.802889524,7.046321631,1.117417825,18.02312256,0.567360375,0.858211342,21.92287769,0.5860883,0.938454935,0.229437489,16.98420457,3.204917861,3.004016388,1.201761201,0.770401629,6.035921711,5.143199136,96.81424443,22.64567896,1.085860863,2.35460263,0.880444139,1.379394097,3.065456236,0.12396191,0,0.801975178,1.332849604,12.39095318,7.699456044,0.652632099,0.384897042,6.72888699,0.427245431,0.716234316,0.614886515,1.475495111,108.6329177,6.421822913,284.5790729,1.440518812,0.849383312,6.814335603,0.986175318,23.90896796,18.4804837,31.08842964,9.552544718,0.226164659,0.653171953,3.725723927,19.57826108,25.55134669,19.70937522,0.112159341,3.296182172,1.99522555,3.207415292,119.8519664,1.027959258,1.805443354,1.133716437,0.8304384,0.67428202,0.506646527,0.185384324,87.21888079,1.494283216,30.89558049,4.017337885,0.646575561,0.591454703,0.735373958,2.245399375,24.48338914,15.27142288,112.97771,4.020101097,1.48960896,2.144131259,0.407491862,2.7947312,0.825155336,3.965983999,1.523414196,0.262170862,0.091970048,6.18140233,0.868272849,0.455609309,138.1949701
20141215,38.84229977,7.597702034,0.267684268,2.095596574,4.415287384,0.781876734,0.802160437,0.029469311,41.22701201,0,10.82353791,1.097091904,20.53367966,1.022971407,1.414763744,21.17449261,0.809162193,0.756971606,0.23653035,18.63291832,3.488375803,6.329143682,0.841005668,0.440528625,6.015775949,5.151604195,107.4610261,32.03178513,0.780723348,1.953286685,0.646104313,1.213760187,3.640510975,0.62579463,0.205182482,0.457026329,1.934200665,15.0624129,7.186221313,0.651312465,0.73421574,11.15599213,0.278589239,0.694664181,0.833475223,0.280537864,11.93931612,5.647904251,293.0364178,1.160043226,1.266163759,4.27669237,0.917888588,21.71797619,19.95435365,22.31964088,7.880559265,0.537822547,0.56252534,3.328442054,13.83885535,19.05342278,34.87406314,0.188028087,4.401511371,1.137726416,3.005026622,106.3744128,0.635398034,2.556481481,1.253510662,0.745584227,0.467385075,0.378373702,0.112256053,77.516582,0.987406463,40.19588372,3.04225843,0.706642168,0.740211966,0.797424131,2.569961554,70.572846,16.96999729,152.5143672,9.669409795,0.553939381,2.745978299,0.396926777,6.594314247,0.422993373,4.864778722,1.036673825,0.208965439,0,0.593070451,0.918132454,0.383837679,95.9284846
20141216,35.55538306,5.676468068,0,1.807725403,6.010442278,0.647521255,0.928093504,0.386899466,44.84569818,0.243425757,12.64757751,0.823067473,18.15742835,0.701966033,1.015694094,19.32603711,0.340641936,1.359109509,0.68009694,19.72477521,4.292261578,4.90850907,0.402021127,0.421926478,3.627507307,8.431723611,92.18196343,32.03434741,0.945958039,1.571568318,1.468585901,0.85107852,4.024937701,0.102110677,0.162544916,0.498698551,2.02219663,16.18641455,7.79017969,1.77250278,1.47986525,13.9701867,0.151454594,0.678309834,0.165915542,0.931038082,4.090787555,5.732466654,267.3804824,1.010480285,0.267212534,3.738575139,0.921233249,26.33154896,18.5716519,21.31192156,7.94127012,0.170706325,0.145034797,4.284881436,15.81841844,29.66143313,32.22641442,0.83858145,1.325999394,1.574212291,2.907280377,99.27964941,1.180089169,2.577832522,1.459028679,0.422392091,1.210979804,0.175367516,0.133815681,75.0533107,1.452679486,35.20963625,3.248383843,0.428594704,1.282912539,0.753792367,2.709022392,75.0476613,16.69426461,163.0220753,9.772633664,1.569319329,2.915188098,0.894255336,15.78079982,1.150569213,4.664351086,1.393183185,0.291824445,0.158829692,0.862006467,2.543398004,0.12001723,101.9154151
20141217,37.97287158,3.508929411,0.210638096,0.652524537,4.403740194,0.45664957,0.875469006,0.092088008,44.35518553,0.186473361,9.434731638,1.017394061,17.75085663,0.566376838,1.450178584,16.3970705,0.440572659,0.720551116,0.155752077,18.66148275,5.770149593,5.857167548,1.249015175,0.295084394,5.302926167,5.473988867,98.36504602,35.09406257,1.301677399,2.121165168,0.575264577,0.68852632,3.908600234,0.234153945,0.386508086,1.052609863,2.74412169,40.44493793,9.684814508,0.944320263,1.080893843,10.98775484,0.554294454,1.569984923,0.282164856,0.094603212,2.537385802,5.730175373,269.7859011,1.313466034,0.464118039,3.171411481,0.650814222,21.78509454,22.6342021,18.60987775,8.186967298,0.240473943,0.392770946,3.558019398,14.55424447,21.02589355,37.49853168,0.257682113,1.528502425,0.524476962,3.025352865,98.85704893,0.84303367,2.381804455,0.961618103,0.065379231,0.350420037,0.160567797,0.277277861,80.7301925,0.934549087,31.22485164,3.010434582,0.972247397,0.823581686,1.336017905,3.819534414,76.22603802,12.66519957,183.4993042,10.4662362,1.003960498,3.234548353,0.676978479,2.975013151,1.367619123,5.667206639,0.903194456,0.519589773,0.302941528,0.389423864,1.723952737,0.31376948,99.86826633
20141218,41.95726391,3.651620055,0.284628038,0.482479458,4.463465855,0.75849906,0.662559884,0.343137667,43.23348781,0.53728031,9.449317557,1.452651961,16.73981935,0.901834986,1.326493553,20.41839759,0.467021266,0.711579863,0.222896945,14.43896813,5.267863431,4.112292848,0.635624571,0.390305007,5.820418619,13.42045512,101.3008771,34.44526733,0.625973144,1.726330293,0.814287878,1.229782576,3.258061877,0.222816482,0.341166617,1.129905819,1.953666202,50.97602964,8.213068749,0.422397269,1.226613341,10.50466944,0.206268508,0.315944597,0.09295338,0.65803887,4.562057132,4.636842396,258.4438063,1.225825053,0.655759809,3.785269549,0.843379777,20.30097858,21.50772637,19.56592694,10.45053477,0.245124615,0.638676264,2.309883614,12.75931595,18.45330091,32.62791085,0.209810995,2.001500549,1.901388508,3.529813281,115.180199,0.20775478,1.994815583,2.24733487,0.469845553,0.597026937,0.049605575,0.278076485,75.69751574,1.050758266,32.74834923,4.304488322,0.51546662,0.955668751,2.107841053,3.316585391,63.49246898,13.02405881,156.214986,9.995361222,0.739020747,3.798186338,0.794510054,9.189632119,0.973481908,5.64229324,1.104182991,0.316896424,0.150851848,0.50768877,1.235210272,0.340728967,113.3353498
20141219,46.06230067,1.875232681,0.300036887,0.327060777,7.772469866,0.591302481,0.896975844,0.184176016,42.51751206,0.901486397,9.551035864,0.758962276,21.94144745,1.051662011,1.389533487,35.33132062,0.235514799,1.251554927,0.507281041,17.43284435,2.810746148,5.736837373,1.475523844,0.339073666,3.299305033,13.06958482,95.71873762,35.47470527,1.910037823,2.800242955,0.995649697,0.995762982,2.115233933,0.239483594,0.091463903,0.696167933,1.480795595,48.41626858,11.92254673,0.825208381,2.925536076,10.5405212,0.347969584,0.618173521,0.77277464,0.715949259,2.671575836,3.555617855,239.8992057,1.155317202,0.632311614,5.260558925,1.104010677,23.03196847,20.71069206,22.03185416,9.605619192,0.193871112,0.711617922,2.349808201,11.87251083,21.36211003,30.07199543,0.172994271,2.249693977,2.722847499,2.784558678,92.33502435,0.735944056,2.477235906,1.310287494,0.323042629,0.712582378,0.205730986,0.165449285,83.18278972,1.441849154,32.8605792,4.216405593,0.711195168,0.770357772,1.859147237,4.910173843,33.23569628,13.82865396,150.5645152,7.119043214,1.26139025,4.327545758,0.609318668,21.14840131,0.320114564,4.588824566,1.103011282,0.81041561,0.456604562,0.648521034,2.040762916,0.695984747,154.5791894
20141220,60.38494926,2.077663584,0.275249555,0.326362528,6.878075225,0.374122289,0.964782966,0.033666544,43.47340139,0.655241719,6.863683168,0.992458328,20.63995548,0.308338703,1.078643058,26.14654415,2.827969412,1.479643552,0.220743832,21.29361979,3.652145946,4.523672105,1.056200421,0.324169463,4.109411367,6.918981953,96.36629787,28.9084305,0.994386029,2.873417981,0.438160112,1.347227864,3.488377928,0.352702242,0.470168877,1.231443575,1.422480337,40.16934384,13.70786699,1.283991899,4.304680781,6.699566888,0.285288831,0.259993306,0.414240794,0.889660946,12.80890797,5.553104634,262.7354879,1.486380979,0.491919092,7.425831271,0.856125472,26.70172747,19.62004687,31.16325889,7.670106222,0.434475645,1.452582666,2.120858845,13.74508778,19.88910092,23.88919812,0.133854473,2.248656321,2.608384017,3.651258917,111.1227202,1.195667488,1.265110909,3.34142416,0.454529715,0.110459264,0.147593225,0.177627094,81.81634656,1.11421189,33.98990269,5.906297589,1.13182975,1.159389621,1.573107394,7.287022705,10.85676311,10.71595002,136.8906418,4.218165245,1.289139642,3.381170453,1.318168622,13.12201587,1.52149157,2.770988896,1.376225017,0.430116146,0.113157427,1.287191844,2.017725638,0.207470831,201.0904017
20141221,67.40180754,1.537798578,0,0.199385374,5.981200299,0.514618711,0.598656813,0.320911288,46.59147087,0.730223483,4.846055439,0.332464503,23.31781373,0.487763288,0.644258635,19.57194757,0.031895595,1.022065368,0.369406169,19.06972038,2.51048831,6.504418806,1.541982792,0.14283374,3.939267909,5.308046473,104.3389269,19.07166879,1.153379579,3.091698779,0.297604589,1.147043821,4.913269588,0.410984954,0.32332937,0.995833619,4.033100555,26.05371754,10.63804682,2.970023149,0.602135523,4.589497523,0.271401832,0.59119386,0.858742924,1.666130013,86.84595026,4.223091524,292.9385757,1.610081322,0.89368108,5.843700442,0.353031735,26.35211955,17.78980483,36.10993442,11.13399394,0.326902677,0.560074876,2.944893997,9.079454223,19.25397354,19.02982588,0.319291137,2.780079709,1.802372885,2.406850638,127.8762579,1.760649154,1.036666295,3.458550349,0.570338278,0.379960347,0.23800615,0.325431361,79.43911117,1.599130199,33.56583955,4.484572584,0.779213654,1.550838951,1.472883775,6.265501826,10.7501521,14.83890037,131.4389976,3.248222952,1.723773717,3.278771846,0.736700758,2.642708155,0.999134986,3.461509864,1.020705434,0.366887407,0.183940096,6.62057759,1.078779252,0.333609926,132.8705883
20141222,65.40164119,0.862472947,0.1854444,1.748493938,6.062221471,0.17146287,0.886184652,0.276264025,49.38548535,0.150183366,7.123493019,0.436399937,21.09822164,0.559537936,0.551771061,19.96363258,0.729419566,0.430836675,0.247664595,17.1699068,3.292021944,6.228434811,0.942397274,0.170464375,4.943001797,6.950317056,111.7443769,30.77886296,1.043982917,2.073835178,0.790597122,1.036968223,5.362870051,0.169292169,0.273205763,0.419555674,2.36600588,47.88574857,12.40085527,0.983811405,0.47728564,5.586995368,0.318369029,0.160812753,0.839635328,0.561605565,14.80938783,7.027846309,303.922576,0.824634557,1.08911711,5.155598957,0.310988753,29.19491805,17.69986654,22.90137918,5.77385793,0.227102145,1.431004071,3.108023782,10.82497463,24.70723875,30.05300281,0.762845212,2.900026249,1.213532812,2.772026753,132.215453,0.73370245,2.527069029,3.410887248,0.180195476,0.377798739,0.453928317,0.072757123,83.97390542,1.365990479,32.61958924,3.363374276,0.717239422,0.535157735,1.764165887,8.894161707,14.04217331,13.3052536,154.470295,4.716305395,1.14465916,3.926808765,0.609076921,6.398082615,0.861406016,4.217481036,1.06164011,0.211818572,0,3.183159292,1.255550773,0.183200005,113.6583282
20141223,80.85794255,0.899354257,0.339695122,0.476212505,6.540194456,0.119202916,0.788618292,0.100446442,60.59017105,0.670934367,6.595158123,1.41236047,21.19073345,0.050220405,0.980336813,20.29759334,0.709481114,1.309520423,0.392547937,19.49514945,2.684441389,8.550539748,1.082359274,0.744723973,5.203515223,6.131381244,105.2931021,26.96338291,1.079337643,2.02622903,0.715095015,0.972590152,2.956853343,0.218010886,0.217164583,0.5223542,1.817596831,30.5816646,9.030087447,0.922806849,0.654984248,6.42061947,0.253218877,0.47250843,0.327108151,0.327350176,4.282657436,6.627879601,300.0006603,0.516263605,0.994264008,5.694623257,0.091616836,27.62922891,20.57190777,24.43204571,7.933972398,0.634465301,0.495931894,2.340204406,8.212237219,22.0201726,25.99430629,0.077906788,3.48458301,2.175274484,2.58039791,130.3896412,0.685213414,3.499448614,5.767904594,0.793350943,0.589559029,0.228314817,0.544101542,81.73360513,0.429757912,29.73939614,4.645255002,1.044708822,0.3505624,1.703692736,37.33695705,11.18313938,13.67894993,145.1521104,4.790291973,1.899537099,2.926206248,0.617200371,4.670463411,1.226706887,3.880272676,0.265322204,0.437566914,0.517335287,0.238749787,1.487529498,0.146315525,119.13941
20141224,55.93375884,0.586878127,0.215700185,0.092921106,6.148290826,0.44530785,0.8925952,0.143135085,46.89899982,0.093931565,3.827374727,1.08895723,18.22759242,0.540687409,0.940239274,13.79980562,0.54734014,0.798323943,0.259723199,20.2752763,0.945437692,21.60116826,1.134593078,0.252590646,4.206696769,2.49498842,88.47946569,18.59790832,1.025076017,1.597006046,0.674068504,0.877391425,1.942194162,0.184125967,0.32168455,0.629682328,2.035616953,16.31605953,8.404449291,1.067404933,0.386417481,5.546265642,0.199497412,0.576873169,0.171550063,0.409413002,1.675353573,4.073685091,240.3196283,0.796880084,0.491801052,4.654096395,0.223296447,22.58179923,16.19713837,19.33126862,6.572618031,0.599764776,0.253863897,2.494529496,5.243504233,18.96302455,17.3110781,0.322365815,1.767953871,0.139711571,2.731339857,145.9265137,0.889677575,2.072445454,28.16579044,0.254645204,0.189115932,0.183160868,0.092692162,72.74564443,0.924366802,18.33045014,1.08223576,0.65831657,0.521251625,1.81723816,351.8151707,6.902595478,10.67052469,110.8178894,2.576321578,0.85666339,2.161869829,0.40581734,1.27988182,0.699503476,2.598516876,0.588991254,0.588951378,0.124507057,0.446017892,0.613570315,0.377145137,106.6828502
20141225,70.58444354,0.654221348,0.0927222,0.24092607,5.009146272,0.056721229,0.808749163,0.092088008,40.74751195,0.262561435,2.720273015,0.944379058,12.64411404,0.675566428,0.760347136,9.397120425,0,0.518605801,0.0780878,17.31235513,0.390034103,27.81469547,0.904366418,0.017255284,3.068327613,5.641771144,69.54454456,14.97549849,0.425848317,0.94221839,0.201157729,0.872449584,3.805307603,0.054465003,0,0.321699655,1.654624613,13.51594248,7.365097194,0.88705885,0.511534365,5.223254434,0,0.428407848,0.234345474,0,1.538054698,3.253206383,191.5762476,0.54144654,0.227829075,4.296459226,0.091616836,21.07818142,17.94285893,18.0027008,7.807916332,0.488246398,0.257041092,2.359997082,3.750813307,15.01557261,15.139595,0,2.900501636,0.471115935,2.332613354,142.6867629,1.056517533,0.991718247,521.3648924,0,0.372448747,0.088030435,0.443024465,65.9140602,0.621462616,15.62722279,0.666305289,0.543573585,0.648147617,1.441174238,70.60136378,4.092594673,9.54491724,80.66768994,2.445896186,0.470398494,2.84206364,0.439645198,1.706966633,0.71238569,2.264406418,0.794822493,0.347023145,0,0.337264717,1.612850261,0.592539581,96.91100705
20141226,178.286828,1.606250424,0.334832505,0.216598225,6.852462038,0.154946099,0.680429191,0.092088008,62.56592916,0.303524701,4.692511095,1.020501584,23.46053874,0.740127859,1.408760192,27.64761787,0.49233167,1.049011972,0.435440937,17.46639122,1.769584195,9.221404558,1.117108035,0.114249,8.01833277,4.748189513,93.75882184,27.53951995,0.487104843,2.996147948,0.505566903,1.26812474,2.305116015,0.0534764,0.274391708,0.873130239,1.997734708,16.67497497,10.5260954,0.708208093,0.862304183,10.3390092,0.317085405,0.425242211,0.192634122,0.262451,4.090833344,5.009227753,264.4804538,1.093359096,0.613108463,6.960946944,0.410256255,26.86148377,17.47132754,28.41920282,7.01836461,0.510599645,0.722733966,2.561558782,7.84605921,27.43198889,22.72516777,0,2.867703497,0.376656885,2.445953599,133.3786097,0.84596103,1.691715359,11.85736872,0.787232368,0.489129437,0.472919532,0.063065836,79.82962424,2.006493195,23.84478742,6.586190067,0.665486612,0.423921684,3.441399215,8.531530345,8.156793769,13.53125407,132.5160777,3.288706255,1.351839361,3.564858226,1.132655122,4.341517883,0.667629708,3.783517056,0.194582034,0.106790773,0.091970048,1.6773039,4.616981488,0.969657213,141.9552879
20141227,185.216317,0.605870478,0.392427197,0.194850951,8.416186374,0.386391571,0.41238949,0.224940742,61.81440567,0.296967648,5.065231192,1.388158166,22.99468291,0.492970559,1.131719208,24.01353426,6.400574913,1.223402661,0.532374381,18.5612815,2.896802061,5.240758346,0.85313004,0.399751368,6.152508513,7.137101013,101.8823984,22.17440665,0.85025382,2.203110813,0.083991625,0.764781147,4.657593551,0.056159248,0.332935771,1.20137652,2.123891086,5.144623515,9.529046046,0.961038502,2.652107647,8.272081421,0.183852909,0.907116536,0.380232487,1.321470075,7.434851485,4.528924044,271.7411308,0.374134819,0.728443218,8.273834609,0.123819578,28.25851677,14.86352776,37.74559675,10.73529541,0.316423654,1.289050815,3.347226286,7.481587988,24.84059457,17.57179284,0.490098983,3.073117374,1.439821401,2.167583687,137.2277965,0.779322178,1.515470157,1.107580321,0.35742251,0.873142869,0.357904445,0.185936756,89.96439958,1.1720288,17.53913157,5.118376838,1.119962737,0.19404209,3.293591186,2.385320781,7.616603739,13.82095892,131.4337093,3.351023845,1.243391077,3.56413746,1.150802117,7.929834959,0.599556205,2.994024921,1.399698638,0.379513093,0.321651732,0.90392188,1.969866676,1.109396744,173.3053962
20141228,174.4502003,0.507341849,0.419488773,0.47344504,6.441232303,1.367962359,0.185486041,0.429674695,54.14055568,0.18726892,5.915877395,0.798500036,18.26835595,0.513300038,0.722149113,20.82853439,0.170035044,0.598413583,0.181998482,21.94115088,2.103218224,4.254661505,0.68347275,0.457841215,4.858052516,4.601571795,95.23446838,23.75732396,2.008298958,1.772762052,0.694837068,0.552535462,4.620609908,0.210650958,0.537206097,1.080671141,3.071288553,3.178392017,10.38494285,0.430099407,1.778554464,6.516470701,0.468136823,0.731983409,1.826876302,1.454625646,99.69960189,6.470089279,268.3309847,0.512051069,0.788914625,7.930071699,0.091616836,22.28053973,17.86247599,37.58693209,9.426959948,0.653481349,0.473281419,2.381380294,8.365479204,21.77943651,20.49323364,0.327194071,3.232676425,0.550630696,3.492252388,138.5428078,1.111379825,1.10091136,0.946787317,0.722440093,0.395450195,0.219844936,0.416833591,77.39498243,1.252946056,22.1864178,2.931929997,0.859648228,0.631715934,3.389015826,1.122051367,6.878313758,10.18539032,128.2457982,3.046485507,0.862680224,2.440205362,1.099374992,3.035357271,0.857595323,3.51557755,0.327282312,0.167354929,0.091970048,7.565399662,2.285462286,0.610042465,122.1004083
20141229,155.9594627,0.716894138,0.254329684,2.645749471,5.576836048,0.529829476,0.845719209,0.092088008,60.25008612,0.281794694,5.86734599,0.664005775,20.99682146,0,1.479486093,18.43665078,0.477360151,0.824978353,0.846810413,22.30387053,0.517003974,5.921158418,0.562363504,0.310478095,5.47886541,5.382020566,97.34575583,35.80320861,0.91373577,1.60343871,0.566091599,1.22566437,4.784418626,0.309713118,0.358610444,1.325074379,3.931256417,4.771625645,10.5624867,0.258256797,0.9783501,8.517819468,0.476462882,0.572053119,0.661735767,0.787393019,10.07619957,5.335258682,288.4688703,0.278688902,0.584749952,5.800012049,0.196410065,28.36632423,16.12341288,33.04163834,7.385053651,0.658024491,0.648297243,2.515025406,7.14342731,21.8635627,20.79787155,0.09413345,4.704214041,2.338137148,3.106241145,150.1758244,0.627575688,1.985024723,0.243839438,1.366591071,0.34231498,0.381658148,0.258141447,77.75131244,0.853810914,23.05197984,5.919873871,1.275843702,1.247334973,4.771371661,1.24602811,10.87433667,9.627096224,140.8475523,4.205067988,1.846551729,3.117933849,1.188610829,10.00343699,0.138856949,4.571112309,2.192100029,0.091685416,0.842957253,1.017632067,2.120828316,0.548421399,125.5518881
20141230,173.9794581,1.032394886,0.241111432,1.03999366,6.194598137,0.361494332,0.871501326,0.084381339,57.44579888,1.338989297,8.074540756,0.904772698,23.06229065,0.879532732,1.863931558,19.42081572,1.178292991,0.723118486,0.705118832,22.23954208,1.845321794,6.788343141,0.21275695,0.091619543,11.05577912,4.703879197,95.61900398,40.34833639,0.899716978,2.370036153,0.672603577,1.439854804,3.277373492,0.246646321,0.685908929,2.061609755,1.959981876,4.431075655,10.5369093,0.529866612,0.590606205,8.776707168,0.589155587,0.683091605,0.498911706,0.086686051,4.101570834,7.523306501,254.4969186,0.818785246,0.788743279,7.228762812,0.82667462,32.11663966,21.33516193,27.43005953,6.36436723,0.449776677,0.644347997,3.33416313,7.35647103,26.80857672,23.70824036,0.114092729,1.883435015,1.878035409,3.834514465,153.3112047,1.388089932,2.645364497,0.189768124,0.811029694,0.795873145,0.484504415,0.185384324,80.1337324,0.766978109,19.88756539,2.743279452,0.865506035,0.386010662,9.787888211,0.848082382,11.49159452,10.67331467,133.7046808,3.749162221,0.947290503,3.600518934,1.003701656,9.837997452,0.734893211,2.927383659,2.248617524,0.408775259,0.218062821,1.121463786,2.404744015,0.605599906,114.6728129
20141231,61.77339634,0.403469049,0,0.307815848,6.442271366,0.10374542,0.843314569,0.276264025,46.45347891,0.266029564,6.280536052,0.588592818,14.94743814,0,1.089726022,18.14450957,0.62680129,0.557901887,0.434880337,14.57870947,1.244640345,14.52530836,1.025592202,0.549768874,10.17470673,3.033416423,83.91849479,24.23382976,0.383173642,1.070491201,0.297007662,0.667334177,3.508570044,0.540954278,0.973419538,3.15517964,2.569674348,2.46452238,7.629695907,0.460069145,0.666597707,6.459186273,0.190970978,0.346549606,0.269852009,0.754012486,2.233198247,7.404411205,227.2030125,0.629869575,0.929017996,5.426319411,0.622371964,21.14941837,20.98418557,28.65475646,5.850512228,0.480977737,0.686102091,1.926689009,6.261989279,16.63481522,16.3768291,0.583246714,2.274910362,1.851623939,4.01260763,122.0692508,0.749998158,1.776580447,0.775330062,1.907204382,0.13500814,0.076970685,0.236607371,76.5066457,0.869729977,13.14693322,3.828064815,0.551688037,0.460033701,306.4561506,2.132637602,5.73930355,10.37678054,105.8471271,2.292243228,1.436783481,2.865003733,0.87051159,5.031292975,0.977434534,3.233545673,5.192218927,0.307583689,0.047843474,0.163001392,2.410651274,0.817274804,144.9455354
20150101,65.80400094,0.41967457,0.29936158,0.194048587,6.736541729,0.131851896,0.558429961,0.092088008,32.21713531,0.545734848,5.660455387,0.54476006,15.3285353,0.136964942,0,12.31250325,0.08528122,1.259509725,0.183682982,17.6885594,1.336216016,19.44264784,0.540005046,0.773762985,4.882680248,3.764875557,75.6882233,19.73473916,0.198960657,0.732659933,0,0.343399191,3.406753441,0.48453482,0.091463903,138.1797871,1.468378174,2.204964124,5.395773113,0.269779418,0.66654521,4.116346621,0.287262421,1.132282685,0.353936302,0.744693073,3.917231239,4.298350192,246.5471548,0.755099466,0.24545772,4.894810436,1.085015483,15.87186803,18.62304422,24.23211929,4.847473179,0.326890687,0.293523646,1.214422873,5.230366957,14.25855101,17.14230507,0.075179553,1.478317539,1.268308264,2.199354586,109.933295,1.850458103,1.362955083,0.345267731,0.710931694,0.091711203,0,0.241672793,64.08308081,1.089661923,11.67437252,3.146991952,0.835726455,1.21990041,294.0557153,0.21675892,6.794873036,7.950485808,88.80238371,2.52002147,1.345637139,1.339777511,0.492357075,1.900702595,0.733103222,1.767710694,3.939213799,0.091685416,0.059412612,0.499719147,1.36400482,0.507565177,114.6550806
20150102,116.0669133,0.415167875,0.402231333,0.595947482,7.085368661,0.798343641,0.873355526,0.080602113,54.08126137,1.428958892,8.55928849,1.172744046,16.1990512,0.595632414,0.753481048,21.71772142,0.432094747,0.671218017,0.454668748,11.79882111,1.243938983,7.871770768,1.029458314,0.325684218,7.69595819,4.683799377,87.29422236,39.33011207,0.223218629,2.641528216,0,1.44961145,4.731763588,0.300045441,0.255723595,73.96618864,2.063160554,3.034486199,10.29055103,0.482117524,2.352340165,7.228155923,0.041786674,0.686299663,1.017021933,0.764735032,3.633430792,5.065874069,280.6440808,0.561657601,0.675558643,6.009432374,0.789736524,22.6685253,18.88976147,27.55250141,8.379616971,0.154402545,0.796410986,4.102182519,9.614262984,21.68137254,25.15254314,0.467423661,2.150756051,3.581926299,3.249243389,137.3941472,1.676074375,2.534099856,0.446389591,0.470306225,0.452332628,0.08435471,0.184490722,78.06294224,0.702273186,22.6399587,8.748376841,0.979207328,0.858002758,7.498756052,0.443777955,9.442083677,14.12399746,121.9349108,3.806316038,1.45866523,2.696779882,0.266498263,9.676168882,0.344300993,4.684909683,3.337415879,0.174651355,0,1.436659982,2.691716989,0.091600003,132.0637366
20150103,119.3153132,0.991600863,0.424691252,0.66011726,8.344053131,1.064510887,0.888895269,1.284336517,57.20444671,0.43847749,6.116850014,1.246459243,23.64676619,0.33539856,1.632132161,18.47116414,0.515176024,1.276571461,0.555256671,13.83775081,2.425946284,4.729792564,0.888807436,0,11.75575308,6.820575717,93.81057228,48.45697278,0.463581979,2.004744001,0,0.922583524,8.37120184,0.395783929,0.382708378,3.561023606,3.026710153,2.470051471,11.2556716,0.492260812,1.16585337,6.137702956,0.255559075,0.535576088,1.271702839,0.301197578,20.62197588,5.886743617,285.7126695,0.326869893,0.960588255,7.229080147,1.155726857,26.28095713,19.02478293,33.91442595,7.601921163,0.411205879,0.527484117,3.938769271,7.466337241,18.58746577,20.69027522,0.328287563,2.246302797,3.34012599,2.064396386,136.7614835,1.29726194,1.957990562,0.569719035,0.048648237,0.069974727,0.621556783,0.413673461,79.41462067,0.650734252,16.55918457,4.5152628,0.871109175,0.355427617,3.104562496,0.965237987,10.93936406,12.93649546,117.1437157,4.750578028,0.933431641,2.884456543,0.50636929,11.89035928,0.403108006,4.717058018,1.038205799,0.025774021,0,1.792180347,3.299865905,0.137770123,157.138405
20150104,75.09458349,0.954097009,0.557002657,0.312708937,4.260923208,0.906001261,1.181741128,0.091202797,45.05700046,0.294064585,4.365919237,0.720957867,17.61157187,0.625551839,0.267416064,13.69340865,0.347719481,0.68321491,0.065811753,15.1163075,0.953562371,5.909855151,0.381336836,1.016779143,10.03306098,4.47598599,96.66767701,52.17105241,0.373638735,1.141016433,0,1.038139329,5.657383302,0.641761374,0.702454754,1.811280008,2.30561914,1.433748472,6.804290807,0.422961254,0.22040391,6.408680184,0.408713392,0.705310162,109.6609963,1.452539124,12.87429119,6.876908791,314.0416347,1.003711146,0.999435046,5.637797882,0.674409588,18.35638018,20.88737767,28.84733124,6.463652795,0.219421555,0.528594573,3.040729764,7.496123458,15.79173683,25.15139641,0.063252676,2.82362845,1.483208041,4.056607818,129.3610141,1.91279634,1.404776188,0.133974219,0.152415192,0.625315534,0.563791417,0.067890144,80.56041021,1.194328173,17.476831,7.715317504,0.486122243,0.361858722,1.917814331,0.63886481,24.06298007,10.11380684,124.4412594,6.507443039,1.595154483,2.674173814,0.585338285,1.801869585,0.494185632,6.14451786,0.742680382,0.111783378,0.091970048,6.128139001,2.586481058,0.274942662,115.8833895
20150105,60.03730352,0.44528898,0.229698727,1.165468264,7.290483558,0.782458289,1.038231111,0.184176016,45.60493228,0.607524279,11.84319441,0.441374346,18.31333577,0.325028255,1.026460319,18.26871972,0.31932945,0.66906328,0.315514091,14.31923436,1.997532695,6.790975971,0.762691177,0.183239086,14.35218205,7.004381686,104.1850457,145.6386334,1.019729642,1.990199761,1.101927715,1.047312457,3.403062227,0.141432001,0.293097832,2.488388402,3.261990969,2.756330291,7.377945256,0.427156696,1.353722202,11.51841233,0.229923086,1.149856539,1.838379554,0.616767374,2.936681993,7.00547272,287.0880506,0.560326975,0.656515196,5.370450011,1.034918303,19.51412854,21.47775282,20.75819719,6.173412502,0.919016192,1.074588454,2.466655905,9.750097139,16.83599222,34.89447798,0.665181514,3.478206279,1.080164905,2.941139687,113.5428795,2.01911965,3.131246802,0.350353638,0.859984011,0.511573993,0.189469198,0.13263622,80.242053,1.145496519,16.36848507,11.78426248,0.792002145,0.101572876,1.937040675,0.381887947,54.79613292,13.0312057,132.6218065,16.15543813,0.857970453,2.716637661,0.3272748,6.694581355,0.82772937,7.021684041,0.478056248,0.316290227,0.257250836,0.865791367,1.012463403,0.561211864,84.56024804
20150106,51.79238046,1.00290241,0.273064599,0.574113061,5.205231016,1.023182176,0.773820445,0.276264025,42.75309435,0.54178477,11.736828,0.680929935,20.03448255,0.446387301,0.832277475,15.45219761,1.386744146,0.58612829,0.327916728,17.47398416,3.54434412,5.078220841,0.908469574,0.24449626,13.88478217,5.606630914,95.54154754,151.8142048,0.485847299,1.829207662,0.856755101,0.622173617,5.453174919,0.056159248,0.491834404,0.381664155,1.621709238,1.955632538,8.882908041,1.036445563,0.679941774,9.680777953,0.428205524,0.786440363,0.894918563,0.181289263,1.957359014,2.963445862,252.9069705,0.295410134,0.23490629,5.103581728,0.679019823,22.63012828,19.41733142,18.66925966,7.786823629,0.119338829,0.442449951,2.578421543,13.16705544,18.35107857,34.17061611,0.451184006,3.858099435,1.529426535,2.273843263,99.39997887,0.922669172,2.31195095,0.19470204,0.412441149,0.086525595,0.393517001,0.303959907,76.78245891,1.068715036,15.76397407,4.311290973,0.690726539,0.942700509,1.368072354,0.238003257,32.06577421,14.35546727,156.0397174,14.29181232,0.772192,3.35003385,0.947003488,14.48910937,0.485147043,8.443346603,0.095616718,0,0.321445705,1.363207633,1.02612246,1.032363487,99.62249491
20150107,45.64878996,0.669910552,0.356862931,0,6.982543408,0.818215289,0.767814067,0.19133412,41.39987315,0.333131996,9.773966346,1.657014983,20.26983697,0.811188505,0.951548201,16.15236575,0,0.852295053,0.092351542,15.08205011,7.288075409,5.610568464,1.136667711,1.037550695,24.41478526,5.819430094,98.0269071,121.6413787,1.193772985,3.147517631,0.310425427,1.067749487,4.603491217,0.927891432,0.091463903,0.933054552,2.043273602,1.726106894,7.578975585,0.71449582,0.985701831,11.33830811,0.268086214,0.661609093,1.451844808,0.337855568,1.699165968,4.311284122,267.7632729,0.663414582,0.433608746,4.339890277,0.945283826,29.08757026,23.11200673,20.88033701,8.534918558,0.402480894,0.298688313,2.908267851,13.36429256,21.8050221,34.84732954,0.434814174,6.636624073,0.893384292,2.551048831,112.0877692,1.008677836,2.123152293,0,0.166216724,0.626331226,0.300002077,0.390695057,83.38293915,1.658996017,19.03253877,3.666054144,0.823341134,0.573023468,0.593708081,0.392827115,29.38354727,10.47418062,163.4477645,11.33860976,0.508345005,3.085918803,0.306104492,3.618938294,1.077053387,7.179713171,0.722145752,0.427128211,0.803236059,1.465111259,1.350464701,1.022318834,96.72191454
20150108,44.54581213,0.589701772,0.0927222,0.178065823,7.008974649,1.079372542,0.648808173,0.184176016,43.38128294,0.210843107,10.43721231,1.449713654,21.86435337,1.307661082,1.584627776,21.72966404,0.216031671,1.049934155,0.092351542,15.90578005,5.548243834,5.471859333,1.363785637,0.718454855,17.92926765,4.746156721,101.4212037,91.71227321,1.064827219,1.520941919,0.543476544,1.483358488,3.460306034,0.395233507,0.349963025,0.929780095,2.747829945,1.742931112,9.784175592,0.585344933,1.405661379,11.00693812,0.559120195,0.542601686,0.675943669,0.208485291,2.133838162,3.195805222,260.4322462,0.651358423,0.12638835,3.838296418,1.294765524,29.02631546,18.9515081,20.70897696,6.205307993,0.111794376,0.32635757,2.243177974,12.13012991,20.26342823,39.1168117,0.410671808,5.201198651,1.540676744,2.838330491,122.2328428,1.287982284,2.420147258,0.085531304,0.227631085,0.290583462,0.747482888,0.204482071,78.75549388,1.725524721,19.17481158,3.701135206,0.765925463,0.187760256,0.961659281,0.272127043,31.11346915,13.51362875,161.0477613,15.78148646,1.018838345,3.893731013,0.793536319,11.01418555,0.440503837,7.956387414,0.454519142,0.266435931,0.463744299,1.212202436,1.117306754,0.662442265,103.6124279
20150109,47.42421222,0.688526707,0.106349336,0.484203488,8.489908402,0.996945363,0.697839321,0.052713804,39.51521499,0.935602984,12.03317492,1.826206154,20.21099396,1.413970083,1.329548568,29.97715115,1.05091256,0.840117909,0.352031849,15.73577527,5.744907378,5.046976336,0.970221632,0.433769479,8.139027592,8.191256234,102.3958068,71.54177181,0.14002906,1.542756881,1.077403941,1.074051536,3.977930209,0.092062983,0.481131586,0.642778149,2.49228995,1.473247967,10.1899483,0.407370301,0.912173398,12.44213458,0.454731471,0.448432257,0.09295338,0.427867063,3.152970349,4.332063307,246.8841654,1.181633115,0.518906121,5.365483445,1.464059112,29.41246798,19.62571802,24.4341854,8.598394238,0.074138168,0.655117674,2.224842214,13.18658706,22.66484493,32.54543667,0.479277355,3.740618136,3.032315505,2.187652595,97.867849,2.077125689,3.092615431,0.338276129,0.509788499,1.24081118,0.334413768,0.208877116,80.80738173,1.720084538,19.0815334,4.710918584,0.518092865,0.235467378,2.31123681,0.331464882,22.70116864,13.12720439,157.13021,10.67565292,0.807275221,3.859800185,0.999123056,22.31247661,0.56844513,6.916217296,0.580449939,0.214740551,0.313708711,1.316419601,2.098765593,0.563980691,150.3947932
20150110,44.98272705,0.590478166,0.470869137,0.756402059,8.126817206,0.906323803,0.767146779,0.472661421,44.94155558,0.254630106,8.768461742,0.660739478,19.76627724,2.022601751,1.826106547,32.30926406,2.5578046,0.576425197,0.403153603,17.19111492,3.687145288,3.904956589,0.714047536,0.579648235,3.583141571,7.129652216,97.708427,43.34656348,0.316716248,2.090420034,0.78576634,1.542254701,6.336568276,0.422287643,0,1.170083832,1.695678246,2.29650089,10.88451559,0.770974636,3.59513038,8.440012705,0.28840491,1.141789657,0.26267408,5.089500729,13.29953677,4.23980992,250.0665373,0.342709116,0.23771348,6.091313675,0.730129374,24.2201726,16.48967493,32.83797364,8.879739437,0.576613643,0.594331437,2.362256456,14.04337805,21.66375887,23.07888197,0.574104607,3.957619281,4.641184782,3.118043492,120.6613156,2.018038144,1.355830436,0.228936181,0.091579764,0.308532019,1.059651088,0.092692162,77.95964412,1.699320178,14.697409,5.061552829,1.07006877,0.46474211,1.35616425,0.252429677,10.77830825,9.980385271,126.3715118,4.187385657,0.690925932,4.345190301,0.628851216,19.07583372,1.295270039,5.25103777,0.644183882,1.076276838,0.568653067,30.65206864,2.348007492,0.768150134,201.6734308
20150111,45.11901839,0.772556034,0,0,4.130117154,1.390060688,0.842217542,0,38.1621731,0.466452113,5.350211808,1.050934344,17.10890121,0.618432266,0.305460234,16.94567937,0.519210618,0.351555817,0.096002509,17.83432841,4.049832133,5.613709205,0.664570376,0.389815015,3.633803965,3.287428119,95.17710024,45.07170869,0,1.691846532,0.392635573,1.342593791,6.365408752,0.169257093,0.580040957,1.623123348,2.074265329,1.616999041,8.030319458,0.488092477,0.970195613,6.588192512,0.330319508,1.072143576,4.320986101,0.828494598,14.73710132,4.582149537,279.986683,0.237092767,0.094575545,3.78806628,0.091616836,20.35755569,16.41741357,29.00927763,7.855497949,0.430448734,0.522420466,3.760582898,8.929305134,22.82558264,25.39500066,0.036557908,5.294170114,2.328163629,4.245208449,119.9292007,2.419872061,0.498365198,0.143695267,0.401422937,0.161283568,0.361342693,0.221335439,77.85234931,1.177089607,13.00402118,2.513263636,0.798791771,0.632785413,1.314394499,0.353447497,18.42869996,11.59186266,136.880581,6.901219332,0.80201028,3.084108311,0.174884095,2.796785494,0.997972455,5.093842087,0.535938586,0.155595916,0.426009011,180.5045806,2.406701358,0.887481651,103.1370878
20150112,26.11506961,0.320869017,0.530813478,2.342104344,3.430666249,1.200082394,0.625675973,0.318012408,37.27130034,0.175401302,9.744444846,0.853887268,16.48778569,0.837094609,0.509346443,8.730280682,0.452077444,0.49079603,0.327640055,17.96583036,5.918140419,6.919008464,0.630711945,0.656126052,5.278784643,3.477964808,98.14257581,61.90316635,0.917254101,1.486676556,0.37449062,1.348862946,6.712702626,1.071977949,0.466576045,127.0611743,1.981522204,1.263601369,5.443595689,0.129058954,0.9721305,12.00253095,0.184406749,0.283924038,0.430073072,0.189206425,5.224203447,2.281207107,268.6864375,1.133048197,0.416054241,2.536227818,0.055887094,21.11436213,15.217577,20.09974797,6.390957027,0.331413982,0.716430765,2.192390114,15.17948164,15.87351146,36.27695724,0.280165553,5.416883639,0.9332633,3.641919,107.2954213,1.587004002,1.641070449,0.093343001,0.364159786,0.370416212,0,0.45122292,71.52243451,1.331659329,13.41469479,2.750638524,0.684009946,0.731711977,1.148060133,0.191357185,33.3381235,11.18273301,146.6860193,27.788647,0,3.179740349,0.622670217,5.535612125,0.762912198,8.984416439,1.067536736,0.677746675,0.429797293,3.261132117,1.506346144,0.416050492,81.12479418
20150113,29.84416151,0.393560923,0.175563524,0.960775535,5.077681335,0.782250838,1.088650033,0,38.93311126,0.60198912,11.1345262,0.510986068,17.47247585,0.629888963,1.651606578,17.97346124,1.320886696,1.560200503,0,15.56465449,4.063895383,4.336805878,0.85134736,0.54548421,4.965502924,9.377655348,95.14939388,62.54857046,0,2.143045072,0.402996909,1.078039276,5.435779547,0.190856264,0.209256888,31.85732432,2.178856311,2.044446212,8.417007094,0.315658958,1.64911107,13.41234312,0.127211968,0.245253766,0.660643175,0.89199643,3.500668423,3.007713368,259.7409149,1.042804702,0.214475767,3.889588691,0.880958765,19.76856174,15.70566858,20.48713677,6.408194845,0.360360902,0.425180159,2.739197518,9.155368564,16.05665633,36.88052655,0.692914487,5.543509812,2.278639238,3.383235913,100.0369929,0.871118166,1.726007552,0.376831442,0.872788598,0.435954689,0.762467083,0.20260084,78.81522724,0.854029826,16.98820143,2.828886887,0.732330624,0.460390415,0.221348525,0.363479258,36.70594384,12.00608101,160.1238579,33.5087312,1.081260983,3.713693666,0.260330924,18.73539371,0.565251554,9.331204671,2.376804263,0.320567464,0.367240429,0.985905059,2.299532801,0.478036931,95.00922769
20150114,36.71070036,1.254585199,0.211371759,0.277988655,6.242544695,0.833945657,0.795539892,0.084381339,42.45065797,0.535181784,11.93563268,2.124742461,23.23128601,0.771682287,1.303545646,18.55934429,0.104792832,0.867488645,0.09561786,17.32583923,4.670290043,3.681359483,1.431678811,0.549737833,5.835143739,5.535973737,106.713518,47.2626997,0.493938066,2.32772878,0.14055148,1.068168344,3.498290835,0.096025928,0.954753549,1.22358799,2.996636794,1.399441452,7.123176359,0.506384944,1.025500825,13.96835833,0.288249386,0.681548384,0.455365869,0.420939387,2.654901816,3.264924893,270.598678,0.691911986,0.249061603,4.501580406,0.919771918,25.12333497,17.87767897,19.50058889,7.305279616,0.442243916,0.573763605,3.073456412,14.44533941,22.50135547,46.71976021,0.18868851,6.598858888,1.543054792,3.811477975,109.7573643,1.490896686,2.931685525,0.254049007,0.410390703,0.919235895,0.364647472,0.304663983,73.75234679,1.092666043,15.80369916,3.778843321,0.451802158,0.142093321,0.730687583,0.501039789,41.1412295,15.21205719,171.8148825,33.65805955,0.964902193,4.564196487,0.679884889,4.175885972,0.726854513,12.90446888,0.465474225,0.101503094,0.630523937,1.118418706,2.385012407,0.486999777,95.08574168
20150115,32.27007331,1.575007722,0.598416659,0.720888719,4.247100692,1.844737038,0.812605439,0.113738261,36.56035217,0.75158151,14.75872599,0.675902568,16.89815046,1.129787771,0.953843791,20.60335257,0.994173917,0.926166062,0.232297336,17.69456355,2.423422889,3.883492518,0.936753437,0.689348825,2.906280267,6.617273931,105.8870953,53.68859071,0.544822511,1.840953285,1.361678791,1.310224073,3.512803181,0.862574483,0.154133143,2.389756574,1.900950013,1.605517083,7.358218086,1.045151004,1.45658281,13.158695,0.148290457,0.220826045,0.345585882,0.747779226,1.961335198,3.14023972,267.5631501,0.869165649,0.524840838,2.152738458,0.915523704,21.85300643,20.04793548,19.68223194,8.320390089,0.271565113,0.453423557,4.12010675,15.87629747,22.28587622,48.96248056,0.074190733,11.06597847,1.449479656,3.998104783,101.4597979,1.092099566,3.746531693,0.246540926,0.402566304,0.732110437,0.211432985,0.25387259,78.95922028,1.331700459,16.11581352,3.948938743,0.143917765,0.266795055,0.308546418,0.206511536,39.77731036,14.50630965,176.1074721,25.96445922,1.057575914,5.007381369,0.355517992,10.30215544,0.86125169,9.325588643,0.476741239,0.678090452,0.366716153,0.521410982,1.87610075,0.378920197,111.2069071
20150116,35.99919297,1.390131059,0.555443001,0.463617753,5.409934038,2.04727568,0.684165309,0.141471732,41.90237455,0.90802622,14.32576496,0.98644988,21.77251289,0.636887379,1.166190147,40.89097542,1.419207429,1.22927667,0.405978134,20.29843824,6.120521448,2.944861111,1.881403832,0.651835514,4.643000857,7.33340126,88.34756857,44.12444257,0.59515502,3.006243844,0.977654454,1.021559144,3.126751143,0.240512857,1.139221639,0.93686637,2.315183296,1.409589254,11.00439062,0.661762782,3.857548998,12.31820676,0.16432705,0.663341757,0,0.635377941,3.223035588,3.322914234,225.3415239,0.520408258,0.398008321,5.796596394,1.443134935,24.92848682,17.16229974,21.85146507,9.157191834,0.303969307,1.68278402,3.744036121,15.5034358,22.89386159,32.31753965,1.188169658,14.8560041,2.187855304,2.011493082,96.17122645,1.083688021,1.510136455,0.06408028,0,0.639605531,0.176121159,0.865216237,77.70670852,2.014597989,15.25393788,5.438633936,0.217669765,0.44359652,1.221558495,0.484218837,25.05891733,15.01013492,162.7932678,14.40644233,1.027901623,5.367594678,0.521211191,28.87506744,1.15919055,9.289020305,0.123493187,0.437530292,0.495730221,2.448864472,2.146878948,0.950473937,167.1504274
20150117,50.27790728,1.0069122,0.533482957,0.32102401,6.184144448,1.025098604,0.92928905,0.341419969,45.50733495,1.462393929,8.675710572,0.753334826,25.55378294,0.726031932,1.833504053,35.67736584,1.886014227,1.0703232,0.08467491,19.51033654,4.747196684,4.085791477,1.124752315,0.07944836,2.563786729,7.795677094,91.54220815,30.1672079,0.986043857,1.444089541,0.50738142,1.34847147,4.88138547,0.756579108,1.018799491,1.101918598,1.825564527,1.527384984,12.55032536,0.372377576,5.756074321,8.799551824,0.330195583,0.685738335,0.528782162,0.809655606,2.897508242,4.471199228,240.8395265,0.796802624,0.2387915,7.781812838,0.904394768,28.9034139,18.33467415,36.20586361,7.444526507,0.760161749,0.478447313,2.136340261,12.86724771,26.50559251,23.69345017,0.207564954,25.62221356,5.017808867,2.049743338,110.7316397,1.346426527,2.858339102,0.367444911,0,0.075560858,0.354482826,0.084934932,76.75860112,0.879144725,11.30323514,6.833721272,0.474803287,0.508260507,0.553062498,0.161907,11.00831242,11.94771173,139.6535569,4.23939109,0.806703484,3.94440792,0.753626521,16.68535903,0.913787734,6.495231979,1.350458845,0.399296964,0.125837079,1.684853936,2.64263812,0.919687459,228.2532716
20150118,40.49856455,0.36480485,0,0.054441616,5.174321941,1.639870749,0.376254109,0.092088008,43.74478951,0.535589111,5.965576742,0.428569133,19.25405041,1.28009366,1.201817425,22.22282839,0.286818923,0.573328289,0.092351542,12.90035465,3.978648556,4.181817739,1.088909605,0.345187209,3.3680922,4.762128717,89.75790872,22.36949675,0.720125946,1.769884124,0.851925652,1.200043508,6.519101192,0.092062983,0.144945804,1.518698548,1.861363327,2.324163441,6.147464242,0.563463103,0.314114072,6.615774222,0.31480988,0.443734627,0.500988843,9.935925573,7.529031123,4.451381808,261.5698036,0.905401442,0.370237044,4.31280226,1.376110759,21.15474053,18.74949754,26.01768758,9.012123725,0.579068122,0.685477767,1.671047587,10.46743558,21.57796143,24.05322921,0,18.17700983,0.775191619,3.688522179,110.4785224,1.805387846,1.659970576,0.306759093,0.40951333,1.785288569,0.302693391,0.121851426,79.15882723,0.414768329,12.57493152,3.383480334,0.460044644,0.540647243,0.827965533,0.395006518,10.51034192,9.206106922,124.6959758,3.11272452,1.499114785,2.414939379,0.741413527,3.284111189,0.874103995,4.361384954,0.483295534,0.731401439,0.528132422,224.6615657,1.80891785,0.39230028,147.040383
20150119,39.04306753,0.732264096,0.272139766,2.602275214,4.142394016,0.849306883,0.404754925,0.335812711,44.933897,0.601159063,8.513288203,0.508453795,22.1791213,0.785637123,1.222373856,14.97887794,0.161435815,1.325359857,0.330366989,18.47584138,2.868646307,8.112152718,0.841604693,0.023542212,3.870619793,8.841715992,100.5872043,37.62689852,0.376290599,2.439221125,0.177867719,0.915169823,6.895032718,0.147919958,0.256674387,0.650813339,2.891031835,1.218276209,7.03404959,0.478969918,0.758780312,12.93276457,0,1.311011785,0.10873757,2.489064044,2.74369984,3.33541506,276.9570557,0.389452753,0.465235984,5.47049497,1.436509321,23.94229905,18.09882192,25.48467302,7.907256114,0.158326767,0.092838031,2.398945671,15.30585663,23.00384893,35.93472613,0.213103821,76.46630924,1.408517095,2.769086426,111.1723336,1.578951312,3.021032465,0.386466647,0.170704602,0.22125031,0.358864404,0.227494277,73.72477287,0.966242014,13.06877445,5.02921213,1.081084769,0.690053335,0.641580585,0.189866947,29.97863638,15.77369351,157.5298543,9.996661014,0.519328863,3.276003196,0.972749046,6.982292489,1.080069654,9.597286424,0.356306724,0.764658436,0.122375578,2.848309861,2.800670184,0.611194578,106.5979451
20150120,26.514208,0.640238022,0.0927222,1.132645664,5.143897915,0.412590388,0.665978611,0.622788341,40.69423233,0.552392639,11.66596486,0.820640585,17.9956334,0.537044533,0.672158353,17.34144993,0.641414448,0.616735883,0.126092795,15.90089959,12.33406588,6.373085582,0.862950009,0.41338418,3.190055725,6.167831253,93.91634597,38.73117541,0.297082859,1.360436372,0.51541822,1.103998084,3.060394243,0.09651652,0.59228379,0.98108854,2.168537693,1.560359363,5.996889054,0.666141674,2.816597721,10.64871927,0.376360927,0.669891358,0.195022826,1.396666501,3.875783666,4.46250721,279.1967509,1.545713988,0,3.629821447,0.896193256,22.18704268,19.48332753,17.92189859,7.43269393,0.711918565,0.695904175,2.34052524,16.73474255,19.69341559,45.11382799,0.577005949,23.2538206,1.88148989,3.55756778,98.97810036,0.66734098,3.009053746,0.207096269,0.97510766,0.021444198,0.275787683,0,76.50812109,0.976315821,13.40125317,2.515212092,0.527956198,0.396116515,0.522033171,0.181922147,38.54319825,11.96005715,201.3128401,34.27892725,0.88062428,5.548265324,0.610138529,13.0998268,0.875340283,13.08198438,0.514983512,0.599715688,0.624096537,1.864134054,1.743377285,0.333069528,92.55544402
20150121,29.97519741,2.056671097,0.478179491,0.509497281,5.03141609,0.340475684,1.046970222,0.206885047,38.43136186,0.779938117,12.8023973,0.757126944,17.07504846,0.702705614,0.779815379,15.36358906,0.440703808,0.78705105,0,15.60619058,5.429638019,4.211312595,1.214457972,0,4.312693604,7.981491217,98.79727287,34.71075706,0.952963124,1.481500262,0.404511573,1.044209445,3.410533563,0.580902562,0.275731274,0.608843575,1.833404159,1.341694738,6.539839228,0.372006355,0.871155038,14.31649385,0.080622927,0.518995141,0.12181642,2.629433218,2.214183575,3.112644487,269.4510498,0.714116432,0.092773061,3.263812881,0.737788252,24.74518287,18.44771636,17.22718972,7.378406588,0.544566262,1.217263653,3.628494868,16.45907987,21.10594439,53.87015577,0.44984169,17.85545094,0.885176012,4.431310403,107.2048787,0.925044218,3.722491363,0.426870384,0.100839194,0.100215717,0.145327748,0.435946869,73.90293386,1.2312255,14.57906626,5.912680059,0.645642012,0.888014574,0.152317598,0.094933474,48.04563147,14.04291645,181.6262464,29.41010405,0.894655907,5.739228083,0.661196515,5.606542022,0.439707671,17.66767347,0.232190634,1.098973633,0.14415978,1.455458517,2.914084291,0.234153528,91.20523577
20150122,29.63794549,0.663501711,0.380580304,0.808074715,5.931822412,1.46987442,0.688308408,0.092088008,39.28941944,0.979891553,13.25045875,0.792463208,20.66782238,0.790740841,1.624375732,20.62471188,0.362353813,1.185972016,0.375761148,18.14028721,2.331395332,5.928359899,1.364539043,0.292874952,7.963101894,8.676539103,102.2890939,37.82269768,0.594177791,1.149764996,0.39453908,1.434532988,3.294985131,0.713086148,0.905521123,0.879586209,2.883162762,1.041391706,7.085603878,0.965430736,1.152190346,13.08830123,0.2053658,0.460587988,0.443558471,2.487571221,2.311229741,3.800042204,262.7475091,0.640264647,0.363328244,4.101382849,0.683029089,25.6965675,18.10822429,21.06806757,6.817563248,0.255843502,0.150603919,4.391889411,16.38897724,20.37823712,46.15487865,0.092137466,9.883227361,1.499828443,4.872602894,104.7739597,0.763181321,3.040827192,0.093343001,0.724980256,0.59687382,0,0.431229132,76.2218716,0.917958549,11.43049259,4.040908978,0.367224575,1.059846586,0.45729281,0.311527266,40.48569913,15.33443265,181.7706562,23.78237681,0.592982102,5.095762539,0.796929018,10.26205375,0.464647256,22.39294558,0.47291259,0.884601595,0,0.953398779,1.255967305,0.203411963,101.1206022
20150123,33.54004679,1.028339354,0.730011851,0.529274943,4.721741159,0.689684291,1.003664973,0.11869167,37.60409055,0.500940652,11.78701051,0.615444925,23.22391129,0.50903645,0.988289515,37.37761437,0.687523565,0.820010839,0.352477122,16.02537837,4.710820832,4.983281409,1.469527033,0.891614418,2.535483537,7.7993102,96.25352363,40.49418676,1.187873084,2.907012533,0.504044788,0.881333461,3.207187679,0.399343781,0.524506865,0.495971348,1.798013965,2.023221178,9.947597644,0.992621015,1.857504552,11.57171948,0.427774813,0.629196713,0.510004079,1.868288274,2.141245297,4.402417423,239.7314525,0.602715228,0.407468275,5.765092695,1.264444612,24.98695991,20.20706006,24.23479677,5.650750582,0.2871021,1.063861255,2.032840415,17.42673497,23.08066628,34.39041279,0.184274932,11.23987939,2.11122856,3.7612481,96.07102774,1.272595205,1.614160694,0.317214343,0.67559441,0.643453373,0.842268777,0.454371361,72.81217245,1.116610635,13.08389724,5.221261926,0.314907971,0.907847109,1.024088182,0.257763214,26.80072224,12.6796077,163.6150242,14.42404646,1.548421745,5.142522992,0.810622009,22.48538025,0.635247986,11.70811273,0.222323663,0.691543205,0.442581736,0.40496375,1.374668761,0.447323564,176.1143657
20150124,49.1698445,0.575048455,0.521833984,1.151584046,7.390797293,0.652285656,0.899257529,0.184176016,38.50962808,0.813017339,11.82048105,0.876613409,21.23037437,0.917002742,1.904951221,32.04189699,1.085478266,0.410219553,0.367451505,23.61634238,3.28317932,4.24884338,0.996265571,0.295310185,4.362781503,9.247470301,94.45414319,28.41633812,1.111831246,1.919781556,0.529800443,1.07086121,4.420666649,1.345202326,0.421670358,1.118140459,2.231595561,1.865945019,11.13710984,0.374422049,3.315324783,8.635031815,0.572563027,0.716196868,0.542342295,0.879703689,2.156125751,3.620640375,241.8107903,0.488515254,0,7.246588364,0.643584363,23.97816547,17.3229711,30.70253407,7.037114701,0.444290814,0.96211607,3.553362782,16.51617224,31.73094578,23.88746485,0.306364886,14.3280233,2.505955289,2.379244641,111.1272989,1.403445099,1.994447462,0.495939025,0.657444671,0.685898708,0.489465595,0.372304153,76.56816691,1.250266426,10.18695339,4.894856599,0.460286859,1.042910157,0.55389417,0,11.35327461,14.72595827,145.0491011,3.823302311,1.172823523,3.99076631,0.753892487,20.99934465,0.687389575,7.556958597,0.602741554,0.439713291,0.284418463,0.947843058,1.927644255,0.574774449,236.5804168
20150125,46.18290374,0.802007586,0.256085865,10.9557915,5.490832226,0.705934682,1.197464174,0,44.21769299,0.182810063,7.683112335,0.454221372,25.21476456,0.524842934,1.162477608,26.2957872,0.645312975,0.391570583,0.329942023,17.22453272,3.534494359,4.074936979,0.565940228,0.855014494,4.999640843,10.01874984,102.3287423,39.90173756,0.807314571,2.129397075,0.384213882,1.509226147,3.385163537,0.38255713,0.604740058,0.359240208,2.057240184,2.346700089,6.878245416,0.31654257,0.871764983,6.436855168,0.372940188,0.743293881,1.128636527,2.055352506,5.76480332,6.115261999,279.1581542,0.545623633,0.259590041,4.161577332,1.438428821,22.51370554,20.23237299,31.4065501,12.25070308,0.3328873,0.948945216,3.444582423,11.22505849,27.86347362,28.35078797,0.377752437,17.4568184,0.973619766,3.948729392,137.4816535,1.102000328,1.99978991,0.166588251,0.340444715,0.036045032,0.466909414,0.2628712,75.75304158,0.263129436,13.98017455,4.158101443,0.789476308,0.90210665,0.681948391,0.292098921,19.49682197,15.02116117,138.5364744,5.815636839,1.610710538,2.86036733,0.557760574,2.49432639,0.857141118,12.60217699,0.481903736,0.240118941,0.183940096,1.129303869,2.081656857,0.536315769,162.0267378
20150126,34.41218969,0.848928139,0.128763527,3.888660298,5.66779724,0.594068603,0.619102607,0.237033886,42.08419955,0.542296232,8.884199827,1.299262782,18.29333344,0.605695156,0.687174388,18.7444846,0.623680198,0.244212854,0.354486986,14.42154087,5.197815759,4.206256373,1.203864607,0.47054333,16.73679337,3.524895558,100.1187545,43.94202003,0.357800648,2.13995275,0.571979114,1.3680955,2.526883834,0.604691072,0.292991085,0.56797752,2.149315145,1.123292725,5.956799531,0.277326105,1.628183139,13.94816109,0.120424549,0.559289966,0.18590676,1.067588276,2.276219946,3.205377226,290.1923718,1.272629185,0.561636227,2.86027257,0.964951922,22.95334449,17.45951037,23.53191253,9.044620452,0.391774286,1.404887813,3.382131883,14.67260077,18.05189043,42.77264888,0.229332293,9.2338514,0.617909607,4.266343154,118.3156853,0.688957349,3.3642871,0.169148641,0.091579764,0.821759016,0.265143613,0.597206691,78.43799977,0.875730442,10.86967419,3.441239723,0.313058825,0.774378255,0.574589,0.086988673,39.2617412,15.78621181,170.7414167,28.7163212,1.050877686,4.246978751,1.253273101,6.553714151,0.609931991,24.01215119,0.239383824,0.493302126,0,0.885208103,2.297986053,0.751237376,88.59576281
20150127,30.9195058,0.959283235,0.377499562,0.305557075,4.984217277,0.46247309,0.686158594,0.114102379,38.72736273,0.763398988,14.38033906,1.173597538,19.97264059,0.388527204,1.055723031,14.22381672,0.640416327,0.493683898,0.179450328,13.4341783,3.312791834,4.161954061,1.117444303,0.681756348,15.63790913,4.483533327,91.77115752,43.24908645,1.140818278,1.098042046,0.890351788,1.003753674,2.028249846,0.238282279,0.233076113,0.853196924,2.263635471,1.831940651,7.609232785,1.137478066,1.392413939,17.14840145,0.600768411,0.570130025,0.427706527,1.979857988,1.62101296,3.095638417,270.3824683,0.910937756,0.613684618,3.04220617,0.925613615,21.54209007,20.92027459,24.91734395,7.768131558,0.138401801,0.429734485,2.350380259,15.69478386,16.86364111,37.57007458,0.226951401,4.635918543,2.253064647,4.174283272,107.0510252,0.912715769,3.885622178,0.190663424,0.108723758,0.504103315,0.215191341,40.8656931,70.47912321,0.3566329,12.22441348,2.957372294,0.557719364,0.462511646,0.599476135,0.291967684,29.58076602,14.17372809,165.3839708,22.93926185,0.697970889,3.521290672,0.814575149,15.4435973,1.251515395,12.6739429,0.561244026,0.479519368,0.216250817,1.284871598,1.880280351,0.794327832,90.37632393
20150128,26.98788164,0.371061193,0.2781666,0.074335639,6.668383703,0.366212765,0.779519002,0.367153223,38.11186898,0.578518487,12.18612914,1.653065276,21.0848854,0.223113795,1.762543122,18.60856841,0.848050415,0.424383676,0.236665029,15.69608813,3.45753445,5.132790196,1.171576544,0.49333241,4.181863241,7.035996116,92.60752132,37.34013293,0.873541493,1.90421972,0.462760219,0.809558979,1.933488901,0.385769302,0.313637661,0.580558919,3.81292553,1.355213669,5.701489826,0.671745979,0.755436189,14.81343582,0.36356611,0.754226133,0.171550063,2.945739433,1.865295376,3.328086812,272.549824,1.458759078,0.214284526,3.673533371,1.092732755,23.05827047,22.36799458,22.85263762,8.969047215,0.334584578,1.049241348,4.179204853,13.79332734,23.36850637,45.15889191,0.232162104,6.326642395,1.170082293,3.234234043,99.05783477,1.074225678,2.579258511,0.300248748,0.649100138,0.386427584,0.622450432,27.42544995,74.52953578,0.632628594,13.59690458,2.547723352,0.460380431,1.279472948,1.099260819,0,29.51423071,13.34151888,170.2534556,20.87367902,1.402842876,5.072463044,0.639607702,7.895568579,1.275916311,22.36380882,0.093773348,0.175697856,0.022312524,1.186066364,1.457307915,0.863089677,90.92135486
20150129,33.182591,1.213954209,0.345065928,1.424916859,4.145463367,0.638035639,0.811341614,0,42.35920752,0.284503765,14.45921871,0.85093887,18.21679987,0.674900842,0.389513226,20.88400656,1.016691508,0.250212655,0.5437843,16.50057279,4.874585758,4.694640365,0.509082845,0.24604483,4.536981212,8.637532769,89.47443316,38.74159723,1.1461884,1.610225326,0.779180522,0.594707496,2.228691709,0.358671183,0.439203176,0.991161172,3.553872414,1.928554793,7.070657783,0.41074372,1.372332959,14.90824077,0.281650569,1.232125131,0.119047915,2.22907735,1.754289295,2.171264311,260.8407745,0.985405994,0.536932914,3.029123482,1.292087221,25.0331502,18.99426438,21.79579687,7.195555445,0.107277486,0.756761093,4.155112616,12.91665062,20.56313958,38.49653645,0,5.788798572,1.235597488,3.017374762,107.8735507,0.892558834,3.344763377,0.280029004,0.66449305,0.848877995,0.45539245,0.889487873,74.21499416,0.283005065,10.54466907,4.083655955,0.634602957,0.504474316,0.885707569,0.753239377,30.84237344,16.23860845,173.6515283,23.806606,1.9675489,3.274432355,0.744915163,13.20626629,0.324769928,39.55563807,0.665250192,0.457080119,0.183301487,0.99657532,1.416738047,0.826703543,123.3712829
20150130,39.85802841,0.131359819,0.343167675,0.2451889,5.242470802,1.270429406,0.861857487,0.092088008,39.43717319,0.454009056,17.68018263,1.498992021,26.2193941,0.912829302,0.902349343,37.01965594,0.125635685,0.347600713,0.743535251,21.74447436,4.200452656,6.445375397,2.235329197,0.603462764,4.739691688,10.47551034,91.40721959,32.52579503,1.610272502,2.707147385,0.262137142,1.131906622,3.0934752,0.323213857,0.705219923,0.652386372,1.892348083,1.569967002,9.25105218,0.682990561,3.541713024,15.53257399,0.281640462,1.643265382,0.815867374,3.132858734,1.640921601,4.965568628,221.5514722,0.536785319,0.201734294,4.39393808,1.282010169,28.41768775,20.04468425,23.35413767,9.10527369,0.850805592,1.652777192,3.380118554,13.34203624,23.0403124,32.03577147,0.209992051,5.252604398,1.82878245,3.459258312,101.1236236,0.734173457,3.642947839,0.291657799,0.556941652,0.734319748,0.530080012,0.360200064,83.68003154,1.353765342,11.05376053,5.118928218,0.392949777,0.45864295,0.663499936,0.249720827,19.96961013,15.75744695,160.1591333,12.56234066,1.27195739,3.17253653,0.205470176,24.2306232,0.965636322,18.45948897,0.303438963,0.310436913,0.238257805,0.900972411,1.846428776,0.54793633,178.4522449
20150131,50.13838514,0.238551428,0.36461318,0.357332714,6.5773985,1.095644113,0.711934179,0.252038981,41.75169216,1.517682734,11.57571558,1.239305018,23.26430878,0.614526654,1.607728607,33.08422472,1.402518779,0.480921887,0.614810804,25.3631309,4.085574218,5.692975939,1.066882948,0.33290669,6.396924128,9.860563485,92.31744162,30.44335758,1.399387835,2.203361412,0.091662701,0.929474645,2.984487324,1.104256957,0.037078228,0.981184987,2.441916951,2.406618711,9.391461872,0.298386398,6.233796949,7.747147794,0.560463508,0.274325206,0.677714827,3.134544536,3.317459825,3.912430885,226.8264663,0.867707168,0.331341406,5.853205031,0.213498582,22.37735214,19.85159155,33.38515824,8.193330396,0.835056153,0.700923896,2.871703624,14.74799388,28.90273156,25.0893648,0.314456413,7.572101505,3.667313396,3.286293252,106.682602,0.465314324,1.914265706,0.279695008,0.754050539,1.036597755,0.72747072,0.305035602,88.18432984,0.198244217,9.950627326,5.651867809,0.886116103,1.149981957,0.577600174,0.764644865,10.52401131,15.87281675,127.9303405,3.783594591,0.963399033,5.464051791,1.082985547,21.80752727,0.64652181,11.75061248,0.278052595,0.175697856,1.06646846,2.432655888,2.932509175,0.636464283,245.4702666
20150201,32.27997272,0.503535112,0,0.097140704,3.504969096,0.660110831,0.942243467,0.092088008,32.39452493,0.421785821,5.754498437,0.961772407,13.56674079,0,0.605749739,12.27879696,0.301460136,0.500799405,0.092351542,17.55230849,2.483490761,3.174286833,0.83851986,0.301046929,8.346707167,4.591698665,70.21833461,20.42522726,1.160277799,1.46697178,0.080154086,0.229032462,2.430742393,0.58424406,0.246474642,1.240479577,0.884743002,0.934382388,4.774722673,0,0.965719237,6.697124701,0.095629403,0.14934883,0.252456409,639.6442468,4.129220618,4.63881116,211.7965332,0.638695432,0.733901362,3.220949585,0,16.01301325,19.14342544,19.77925533,5.864241423,0.183870652,1.088386183,2.339096996,11.58660816,13.33647036,20.41485751,0.138466689,4.12361178,0.342886242,2.894521564,85.6720498,1.217133479,1.406253811,0.258610593,0.071883966,0.770809193,0.291530532,0.092692162,73.07653588,0.222621337,6.478149588,1.656783734,0.34287801,0.592122518,2.088580015,0.128637929,8.637863704,8.476469132,110.774568,3.17715776,1.563665609,2.336761856,0.34576057,2.374567827,0.947512728,6.703662444,0.298926323,1.080006946,0,11.09413533,1.235135259,0.88989732,106.9280773
20150202,35.37255544,1.180001678,0.3112589,2.96073841,5.205583711,1.918911056,0.728091758,0,40.96494871,0.309248879,12.31022336,1.051342239,19.48827392,0.620402454,0.723620482,16.05469279,0.620950631,0.184483488,0.137781449,18.63806197,2.308116021,7.80916133,0.855095423,0.32487114,15.60939718,4.988005602,96.65243179,36.80883516,0.605954369,0.751489654,0.694496346,0.438618586,4.448789347,0.127191965,0.694284451,0.567017651,1.401545291,1.700693255,6.164019081,0.71966688,0.401249841,9.941838981,0.147515987,0.330146425,0.215364976,13.1563204,3.290450758,2.739016772,293.0994169,1.329468083,0.334559622,4.149417893,1.104150715,21.42335034,18.20047271,21.43862316,8.522432152,0.095589319,0.60522024,3.813752537,11.84797996,16.2745742,33.96342973,0.138631872,7.006059705,1.495911255,3.241192076,116.128989,0.619796629,3.309181971,0.093343001,0.477792745,0.213753158,0.677328868,0,88.3656125,1.206029948,9.871399231,3.321285073,0.46056788,1.043272108,0.754637408,0.441797001,29.1790232,16.25842526,155.9284612,17.91032224,1.239619135,3.168190333,0.693413113,6.203191493,0.811269975,65.06173983,0.426082003,0.518124824,0,2.636004157,1.669011313,0.780267684,86.95081447
20150203,28.60986258,0.902720656,0.332685041,0.683279154,4.931462872,1.537760549,0.617770227,0.092088008,44.53479292,1.016703171,14.16304673,0.460696315,20.67331335,0.788204454,0.568881061,16.95142296,0.890772056,0.426496877,0.712656486,19.86402455,5.119338906,6.498392513,0.383711942,0.485018862,4.868833047,4.883093373,89.59566489,43.22539552,0.442852749,1.71314394,0.415952614,1.149897615,2.976781309,0.285813299,0.091463903,0.939528304,1.574760825,2.484333684,6.162677946,0.673425056,1.516257866,12.76487924,0.408668508,0.253703573,0.232260547,2.76953499,2.801323296,3.498043424,281.4240257,1.193401518,0.294509488,4.293524119,1.034580212,19.92716603,17.72363556,20.93230408,9.567679635,0.416883142,0.477936961,3.210696505,15.17331013,21.09867658,32.72998952,0.092137466,4.587337323,1.600636881,4.102046658,99.70412251,0,4.307985017,0.245146351,0.617991404,0.429189055,0.619717532,0.199024141,77.15556844,0.531954026,9.719227886,4.333779427,0.846723438,0.944262303,1.101458141,0.442296625,27.89721102,16.17120985,178.7767358,20.83684056,1.092987948,3.305398183,0.607587321,17.91789319,1.168337671,63.55603714,0.701616527,0.397381327,0.077765227,1.038826685,1.473186089,0.123932022,101.3546508
20150204,28.0511587,0.232406453,0.228642518,0.227466271,5.506332375,0.806227573,0.988901528,0.092088008,36.50389913,1.271954763,11.89091317,0.724792227,18.31511771,0.641935094,0.947562742,17.57177105,0.262039383,1.093984475,0.319234744,18.61541059,3.553172589,5.691228926,0.67255662,0.409093539,8.748454455,6.208608577,90.2141258,40.9085476,0.222067778,2.146650757,0.431615623,0.698098498,3.76780386,0.253538858,0.400198869,1.215065185,1.691558558,1.658209514,6.694108233,0.578678496,0.695095859,14.49553018,0.022534026,0.647791766,0.18590676,2.051553149,1.004765005,2.655592998,262.514707,0.531207646,0.555044157,3.096222761,0.208012595,23.22732792,19.94955629,18.8859906,12.26434241,0.086943804,0.718126423,3.30846961,14.98280907,14.72889518,39.47858408,0.092137466,5.094045141,1.052182751,2.167131962,104.6767191,0.670891053,2.472221501,0.056940071,0.477285543,0.342439382,0.660646884,0.152571259,76.26703042,0.762084408,10.49783489,3.093771354,0.59277479,1.16138966,0.266445277,0.353595957,27.93362959,16.23198782,176.4823192,17.06520579,1.174127788,3.107628393,0.539385095,4.830296816,0.846923721,99.1992379,0.507671701,0.316242153,0.258015703,0.419658172,2.041491568,0.510494214,101.3517401
20150205,32.13823103,0.622324699,0.210989095,0.30026243,3.390840869,1.084465406,0.715550011,0,40.92695009,0.731862542,13.95884248,0.898851057,18.18910204,1.468549427,0.571352114,18.02912231,0.899457912,1.103553276,0,20.71966321,5.59259525,3.893977562,0.938979167,0.571723578,4.635327968,7.634693564,88.35339575,42.31361671,0.386155751,1.972580744,0.352388776,1.494761155,3.787576529,0.702209349,0.096813981,0.7342804,2.336512315,1.878912561,6.332808596,0.594713925,1.664496749,16.37689538,0.436939111,0.340490678,0.463373089,0.792777836,1.8560696,3.429880408,260.4225933,0.52717832,0.216094305,4.721623499,1.010422073,29.46314196,15.69994476,21.68808221,11.45657974,0.442807146,0.164198886,3.728396113,14.21030386,23.52804547,32.51766326,0.092137466,4.323671455,1.170598533,2.493169944,99.50743751,0.267362651,2.897199975,0.088725593,0.126137301,0.087330452,0.387279054,0.534138838,74.29745062,1.307977743,9.506589407,3.668097306,0.443738479,0.381482289,0.366929141,0.319643638,30.61712646,14.27882278,177.2620818,17.98650388,0.917107142,3.462459308,0.375349871,13.55865593,0.996386828,57.93393523,0.336939427,0.405286739,0.37495706,0.856508101,1.384396138,0.359855723,117.719188
20150206,31.67955992,0.914910263,0.495984992,0.092921106,5.266233003,0.748129002,0.926422986,0.44113109,36.74093253,0.715690108,18.67328963,0.722500653,23.55058091,1.936085438,0.738143832,35.12177711,0.26465205,0.481792894,0.603621877,30.37702459,5.23680376,4.142515644,1.437285995,0.520346266,4.95466751,4.244452637,83.75494502,36.80210456,0.342871531,2.241817004,0.50023121,1.678704547,1.812512618,0.104252538,0.182927806,0.500817426,2.544674526,1.685627272,7.027823284,0.592453676,1.312593132,24.77170155,0.083782364,0.81773793,0.556438257,1.309832403,2.704346061,3.582209481,210.8259268,0.505565563,0.447780787,3.563855432,1.245034944,30.84817964,15.29189599,13.23543686,9.981725406,0.529615306,0.635605443,3.114238432,16.45849711,22.15140347,36.50387651,0.436867522,5.331410549,1.412671898,2.178162365,73.3435811,1.186720816,2.810755002,0.290667514,0,0.656789903,0.265231325,0,58.58351824,1.495513923,10.66563057,3.389167143,0.376966407,0.616644143,0.679672337,0,30.42226506,13.08356738,171.9201158,23.79582493,0.646997232,3.937309505,0.813198293,3.899589048,0.721064661,42.23409889,0.555856511,0.707874543,0.175772342,0.74735632,1.369521386,0.28389967,124.180712
